"dataset","classifier","method","metric_value","rank"
"attrition","knn","adasyn",0.999690031552474,1
"attrition","knn","baseline",0.763091558034625,7.5
"attrition","knn","borderline_smote",0.937801754115821,6
"attrition","knn","da_smote",0.999397506082501,3
"attrition","knn","da_smote_penn",0.59109923956313,9
"attrition","knn","ld_smote",0.998244285790286,5
"attrition","knn","penn",0.763091558034625,7.5
"attrition","knn","smote",0.999382125423066,4
"attrition","knn","smote_enn",0.39669350562037,10
"attrition","knn","smote_tomek",0.999673618828494,2
"attrition","logit","adasyn",0.717014143129863,8
"attrition","logit","baseline",0.761283191766097,1.5
"attrition","logit","borderline_smote",0.740032083570676,3
"attrition","logit","da_smote",0.727320958022595,7
"attrition","logit","da_smote_penn",0.70101356541899,9
"attrition","logit","ld_smote",0.732065211348537,5
"attrition","logit","penn",0.761283191766097,1.5
"attrition","logit","smote",0.733695891213177,4
"attrition","logit","smote_enn",0.65818375308873,10
"attrition","logit","smote_tomek",0.730602902802972,6
"attrition","rf","adasyn",0.158500237487255,5.5
"attrition","rf","baseline",0.158500237487255,5.5
"attrition","rf","borderline_smote",0.158500237487255,5.5
"attrition","rf","da_smote",0.158500237487255,5.5
"attrition","rf","da_smote_penn",0.158500237487255,5.5
"attrition","rf","ld_smote",0.158500237487255,5.5
"attrition","rf","penn",0.158500237487255,5.5
"attrition","rf","smote",0.158500237487255,5.5
"attrition","rf","smote_enn",0.158500237487255,5.5
"attrition","rf","smote_tomek",0.158500237487255,5.5
"attrition","svm_rbf","adasyn",0.997811419119588,8
"attrition","svm_rbf","baseline",1,1.5
"attrition","svm_rbf","borderline_smote",0.992541688871257,9
"attrition","svm_rbf","da_smote",0.999633395506088,4
"attrition","svm_rbf","da_smote_penn",0.999875185151843,3
"attrition","svm_rbf","ld_smote",0.942070876469288,10
"attrition","svm_rbf","penn",1,1.5
"attrition","svm_rbf","smote",0.998607730779114,6
"attrition","svm_rbf","smote_enn",0.999431308219888,5
"attrition","svm_rbf","smote_tomek",0.998207943470533,7
"attrition","xgb","adasyn",0.158500237487255,5.5
"attrition","xgb","baseline",0.158500237487255,5.5
"attrition","xgb","borderline_smote",0.158500237487255,5.5
"attrition","xgb","da_smote",0.158500237487255,5.5
"attrition","xgb","da_smote_penn",0.158500237487255,5.5
"attrition","xgb","ld_smote",0.158500237487255,5.5
"attrition","xgb","penn",0.158500237487255,5.5
"attrition","xgb","smote",0.158500237487255,5.5
"attrition","xgb","smote_enn",0.158500237487255,5.5
"attrition","xgb","smote_tomek",0.158500237487255,5.5
"credit_data","knn","adasyn",0.971465932308393,1
"credit_data","knn","baseline",0.777722121828813,8
"credit_data","knn","borderline_smote",0.934804819457126,5
"credit_data","knn","da_smote",0.951023844561938,3
"credit_data","knn","da_smote_penn",0.792391175827474,7
"credit_data","knn","ld_smote",0.93379441431056,6
"credit_data","knn","penn",0.759079904419335,9
"credit_data","knn","smote",0.960686237205662,2
"credit_data","knn","smote_enn",0.562347161167007,10
"credit_data","knn","smote_tomek",0.942120898040143,4
"credit_data","logit","adasyn",0.60062549568878,8
"credit_data","logit","baseline",0.606790631773886,3
"credit_data","logit","borderline_smote",0.610246806451609,2
"credit_data","logit","da_smote",0.594749423743471,10
"credit_data","logit","da_smote_penn",0.599351358853884,9
"credit_data","logit","ld_smote",0.606106307340408,5
"credit_data","logit","penn",0.606062873973613,6
"credit_data","logit","smote",0.605947227419405,7
"credit_data","logit","smote_enn",0.611874560029528,1
"credit_data","logit","smote_tomek",0.606329652711561,4
"credit_data","rf","adasyn",0.999982841626589,3
"credit_data","rf","baseline",0.999985965365809,1
"credit_data","rf","borderline_smote",0.999971395608931,6
"credit_data","rf","da_smote",0.999983882872995,2
"credit_data","rf","da_smote_penn",0.974100656776185,9
"credit_data","rf","ld_smote",0.999979717887369,4
"credit_data","rf","penn",0.998441538380769,7
"credit_data","rf","smote",0.999976583468417,5
"credit_data","rf","smote_enn",0.862135014183347,10
"credit_data","rf","smote_tomek",0.994692139517484,8
"credit_data","svm_rbf","adasyn",0.997693472886243,6
"credit_data","svm_rbf","baseline",0.999702099134889,1
"credit_data","svm_rbf","borderline_smote",0.999245836043767,3
"credit_data","svm_rbf","da_smote",0.997347702307189,7
"credit_data","svm_rbf","da_smote_penn",0.95439480735241,9
"credit_data","svm_rbf","ld_smote",0.998591396922362,4
"credit_data","svm_rbf","penn",0.99944778559658,2
"credit_data","svm_rbf","smote",0.997750332061969,5
"credit_data","svm_rbf","smote_enn",0.864706850894049,10
"credit_data","svm_rbf","smote_tomek",0.983415668691535,8
"credit_data","xgb","adasyn",0.242634523583504,5.5
"credit_data","xgb","baseline",0.242634523583504,5.5
"credit_data","xgb","borderline_smote",0.242634523583504,5.5
"credit_data","xgb","da_smote",0.242634523583504,5.5
"credit_data","xgb","da_smote_penn",0.242634523583504,5.5
"credit_data","xgb","ld_smote",0.242634523583504,5.5
"credit_data","xgb","penn",0.242634523583504,5.5
"credit_data","xgb","smote",0.242634523583504,5.5
"credit_data","xgb","smote_enn",0.242634523583504,5.5
"credit_data","xgb","smote_tomek",0.242634523583504,5.5
"glass0","knn","adasyn",1,5.5
"glass0","knn","baseline",1,5.5
"glass0","knn","borderline_smote",1,5.5
"glass0","knn","da_smote",1,5.5
"glass0","knn","da_smote_penn",1,5.5
"glass0","knn","ld_smote",1,5.5
"glass0","knn","penn",1,5.5
"glass0","knn","smote",1,5.5
"glass0","knn","smote_enn",1,5.5
"glass0","knn","smote_tomek",1,5.5
"glass0","logit","adasyn",1,5.5
"glass0","logit","baseline",1,5.5
"glass0","logit","borderline_smote",1,5.5
"glass0","logit","da_smote",1,5.5
"glass0","logit","da_smote_penn",1,5.5
"glass0","logit","ld_smote",1,5.5
"glass0","logit","penn",1,5.5
"glass0","logit","smote",1,5.5
"glass0","logit","smote_enn",1,5.5
"glass0","logit","smote_tomek",1,5.5
"glass0","rf","adasyn",1,5.5
"glass0","rf","baseline",1,5.5
"glass0","rf","borderline_smote",1,5.5
"glass0","rf","da_smote",1,5.5
"glass0","rf","da_smote_penn",1,5.5
"glass0","rf","ld_smote",1,5.5
"glass0","rf","penn",1,5.5
"glass0","rf","smote",1,5.5
"glass0","rf","smote_enn",1,5.5
"glass0","rf","smote_tomek",1,5.5
"glass0","svm_rbf","adasyn",1,5.5
"glass0","svm_rbf","baseline",1,5.5
"glass0","svm_rbf","borderline_smote",1,5.5
"glass0","svm_rbf","da_smote",1,5.5
"glass0","svm_rbf","da_smote_penn",1,5.5
"glass0","svm_rbf","ld_smote",1,5.5
"glass0","svm_rbf","penn",1,5.5
"glass0","svm_rbf","smote",1,5.5
"glass0","svm_rbf","smote_enn",1,5.5
"glass0","svm_rbf","smote_tomek",1,5.5
"glass0","xgb","adasyn",1,5.5
"glass0","xgb","baseline",1,5.5
"glass0","xgb","borderline_smote",1,5.5
"glass0","xgb","da_smote",1,5.5
"glass0","xgb","da_smote_penn",1,5.5
"glass0","xgb","ld_smote",1,5.5
"glass0","xgb","penn",1,5.5
"glass0","xgb","smote",1,5.5
"glass0","xgb","smote_enn",1,5.5
"glass0","xgb","smote_tomek",1,5.5
"glass4","knn","adasyn",NA,1
"glass4","knn","baseline",NA,2
"glass4","knn","borderline_smote",NA,3
"glass4","knn","da_smote",NA,4
"glass4","knn","da_smote_penn",NA,5
"glass4","knn","ld_smote",NA,6
"glass4","knn","penn",NA,7
"glass4","knn","smote",NA,8
"glass4","knn","smote_enn",NA,9
"glass4","knn","smote_tomek",NA,10
"glass4","logit","adasyn",NA,1
"glass4","logit","baseline",NA,2
"glass4","logit","borderline_smote",NA,3
"glass4","logit","da_smote",NA,4
"glass4","logit","da_smote_penn",NA,5
"glass4","logit","ld_smote",NA,6
"glass4","logit","penn",NA,7
"glass4","logit","smote",NA,8
"glass4","logit","smote_enn",NA,9
"glass4","logit","smote_tomek",NA,10
"glass4","rf","adasyn",NA,1
"glass4","rf","baseline",NA,2
"glass4","rf","borderline_smote",NA,3
"glass4","rf","da_smote",NA,4
"glass4","rf","da_smote_penn",NA,5
"glass4","rf","ld_smote",NA,6
"glass4","rf","penn",NA,7
"glass4","rf","smote",NA,8
"glass4","rf","smote_enn",NA,9
"glass4","rf","smote_tomek",NA,10
"glass4","svm_rbf","adasyn",NA,1
"glass4","svm_rbf","baseline",NA,2
"glass4","svm_rbf","borderline_smote",NA,3
"glass4","svm_rbf","da_smote",NA,4
"glass4","svm_rbf","da_smote_penn",NA,5
"glass4","svm_rbf","ld_smote",NA,6
"glass4","svm_rbf","penn",NA,7
"glass4","svm_rbf","smote",NA,8
"glass4","svm_rbf","smote_enn",NA,9
"glass4","svm_rbf","smote_tomek",NA,10
"glass4","xgb","adasyn",NA,1
"glass4","xgb","baseline",NA,2
"glass4","xgb","borderline_smote",NA,3
"glass4","xgb","da_smote",NA,4
"glass4","xgb","da_smote_penn",NA,5
"glass4","xgb","ld_smote",NA,6
"glass4","xgb","penn",NA,7
"glass4","xgb","smote",NA,8
"glass4","xgb","smote_enn",NA,9
"glass4","xgb","smote_tomek",NA,10
"hacide","knn","adasyn",NA,1
"hacide","knn","baseline",NA,2
"hacide","knn","borderline_smote",NA,3
"hacide","knn","da_smote",NA,4
"hacide","knn","da_smote_penn",NA,5
"hacide","knn","ld_smote",NA,6
"hacide","knn","penn",NA,7
"hacide","knn","smote",NA,8
"hacide","knn","smote_enn",NA,9
"hacide","knn","smote_tomek",NA,10
"hacide","logit","adasyn",NA,1
"hacide","logit","baseline",NA,2
"hacide","logit","borderline_smote",NA,3
"hacide","logit","da_smote",NA,4
"hacide","logit","da_smote_penn",NA,5
"hacide","logit","ld_smote",NA,6
"hacide","logit","penn",NA,7
"hacide","logit","smote",NA,8
"hacide","logit","smote_enn",NA,9
"hacide","logit","smote_tomek",NA,10
"hacide","rf","adasyn",NA,1
"hacide","rf","baseline",NA,2
"hacide","rf","borderline_smote",NA,3
"hacide","rf","da_smote",NA,4
"hacide","rf","da_smote_penn",NA,5
"hacide","rf","ld_smote",NA,6
"hacide","rf","penn",NA,7
"hacide","rf","smote",NA,8
"hacide","rf","smote_enn",NA,9
"hacide","rf","smote_tomek",NA,10
"hacide","svm_rbf","adasyn",NA,1
"hacide","svm_rbf","baseline",NA,2
"hacide","svm_rbf","borderline_smote",NA,3
"hacide","svm_rbf","da_smote",NA,4
"hacide","svm_rbf","da_smote_penn",NA,5
"hacide","svm_rbf","ld_smote",NA,6
"hacide","svm_rbf","penn",NA,7
"hacide","svm_rbf","smote",NA,8
"hacide","svm_rbf","smote_enn",NA,9
"hacide","svm_rbf","smote_tomek",NA,10
"hacide","xgb","adasyn",NA,1
"hacide","xgb","baseline",NA,2
"hacide","xgb","borderline_smote",NA,3
"hacide","xgb","da_smote",NA,4
"hacide","xgb","da_smote_penn",NA,5
"hacide","xgb","ld_smote",NA,6
"hacide","xgb","penn",NA,7
"hacide","xgb","smote",NA,8
"hacide","xgb","smote_enn",NA,9
"hacide","xgb","smote_tomek",NA,10
"newthyroid1","knn","adasyn",1,5.5
"newthyroid1","knn","baseline",1,5.5
"newthyroid1","knn","borderline_smote",1,5.5
"newthyroid1","knn","da_smote",1,5.5
"newthyroid1","knn","da_smote_penn",1,5.5
"newthyroid1","knn","ld_smote",1,5.5
"newthyroid1","knn","penn",1,5.5
"newthyroid1","knn","smote",1,5.5
"newthyroid1","knn","smote_enn",1,5.5
"newthyroid1","knn","smote_tomek",1,5.5
"newthyroid1","logit","adasyn",1,4.5
"newthyroid1","logit","baseline",1,4.5
"newthyroid1","logit","borderline_smote",1,4.5
"newthyroid1","logit","da_smote",0.986666666666667,10
"newthyroid1","logit","da_smote_penn",0.996666666666667,9
"newthyroid1","logit","ld_smote",1,4.5
"newthyroid1","logit","penn",1,4.5
"newthyroid1","logit","smote",1,4.5
"newthyroid1","logit","smote_enn",1,4.5
"newthyroid1","logit","smote_tomek",1,4.5
"newthyroid1","rf","adasyn",1,5.5
"newthyroid1","rf","baseline",1,5.5
"newthyroid1","rf","borderline_smote",1,5.5
"newthyroid1","rf","da_smote",1,5.5
"newthyroid1","rf","da_smote_penn",1,5.5
"newthyroid1","rf","ld_smote",1,5.5
"newthyroid1","rf","penn",1,5.5
"newthyroid1","rf","smote",1,5.5
"newthyroid1","rf","smote_enn",1,5.5
"newthyroid1","rf","smote_tomek",1,5.5
"newthyroid1","svm_rbf","adasyn",1,5.5
"newthyroid1","svm_rbf","baseline",1,5.5
"newthyroid1","svm_rbf","borderline_smote",1,5.5
"newthyroid1","svm_rbf","da_smote",1,5.5
"newthyroid1","svm_rbf","da_smote_penn",1,5.5
"newthyroid1","svm_rbf","ld_smote",1,5.5
"newthyroid1","svm_rbf","penn",1,5.5
"newthyroid1","svm_rbf","smote",1,5.5
"newthyroid1","svm_rbf","smote_enn",1,5.5
"newthyroid1","svm_rbf","smote_tomek",1,5.5
"newthyroid1","xgb","adasyn",0.255813953488372,5.5
"newthyroid1","xgb","baseline",0.255813953488372,5.5
"newthyroid1","xgb","borderline_smote",0.255813953488372,5.5
"newthyroid1","xgb","da_smote",0.255813953488372,5.5
"newthyroid1","xgb","da_smote_penn",0.255813953488372,5.5
"newthyroid1","xgb","ld_smote",0.255813953488372,5.5
"newthyroid1","xgb","penn",0.255813953488372,5.5
"newthyroid1","xgb","smote",0.255813953488372,5.5
"newthyroid1","xgb","smote_enn",0.255813953488372,5.5
"newthyroid1","xgb","smote_tomek",0.255813953488372,5.5
"pima","knn","adasyn",0.950700895633193,1
"pima","knn","baseline",0.861878056378534,7
"pima","knn","borderline_smote",0.93010775854133,4
"pima","knn","da_smote",0.930598650335316,3
"pima","knn","da_smote_penn",0.834437650254269,9
"pima","knn","ld_smote",0.913646388806509,5
"pima","knn","penn",0.837856159833656,8
"pima","knn","smote",0.936148590024654,2
"pima","knn","smote_enn",0.693859026377007,10
"pima","knn","smote_tomek",0.896013184261216,6
"pima","logit","adasyn",0.728411183015497,4
"pima","logit","baseline",0.728582395542288,3
"pima","logit","borderline_smote",0.727538346487347,6
"pima","logit","da_smote",0.729119818430846,2
"pima","logit","da_smote_penn",0.719344248518217,9
"pima","logit","ld_smote",0.727374905657918,7
"pima","logit","penn",0.729972984481018,1
"pima","logit","smote",0.727329731924064,8
"pima","logit","smote_enn",0.703885246231366,10
"pima","logit","smote_tomek",0.727730912030767,5
"pima","rf","adasyn",1,3.5
"pima","rf","baseline",1,3.5
"pima","rf","borderline_smote",1,3.5
"pima","rf","da_smote",1,3.5
"pima","rf","da_smote_penn",0.99029392890439,9
"pima","rf","ld_smote",1,3.5
"pima","rf","penn",0.999255774860751,7
"pima","rf","smote",1,3.5
"pima","rf","smote_enn",0.859901084857268,10
"pima","rf","smote_tomek",0.993980595304529,8
"pima","svm_rbf","adasyn",1,4
"pima","svm_rbf","baseline",1,4
"pima","svm_rbf","borderline_smote",1,4
"pima","svm_rbf","da_smote",1,4
"pima","svm_rbf","da_smote_penn",0.968108581601922,9
"pima","svm_rbf","ld_smote",1,4
"pima","svm_rbf","penn",1,4
"pima","svm_rbf","smote",1,4
"pima","svm_rbf","smote_enn",0.923731173896785,10
"pima","svm_rbf","smote_tomek",0.982930645616743,8
"pima","xgb","adasyn",0.351566080977846,5.5
"pima","xgb","baseline",0.351566080977846,5.5
"pima","xgb","borderline_smote",0.351566080977846,5.5
"pima","xgb","da_smote",0.351566080977846,5.5
"pima","xgb","da_smote_penn",0.351566080977846,5.5
"pima","xgb","ld_smote",0.351566080977846,5.5
"pima","xgb","penn",0.351566080977846,5.5
"pima","xgb","smote",0.351566080977846,5.5
"pima","xgb","smote_enn",0.351566080977846,5.5
"pima","xgb","smote_tomek",0.351566080977846,5.5
"vehicle2","knn","adasyn",0.987579863702244,1
"vehicle2","knn","baseline",0.809895680648608,7
"vehicle2","knn","borderline_smote",0.982166358986178,3
"vehicle2","knn","da_smote",0.984249567402664,2
"vehicle2","knn","da_smote_penn",0.76946197767917,8
"vehicle2","knn","ld_smote",0.970381772022354,5
"vehicle2","knn","penn",0.749279459273176,9
"vehicle2","knn","smote",0.9789435688467,4
"vehicle2","knn","smote_enn",0.580471719426844,10
"vehicle2","knn","smote_tomek",0.965294822735406,6
"vehicle2","logit","adasyn",0.551176040704832,9
"vehicle2","logit","baseline",0.574134270630034,1
"vehicle2","logit","borderline_smote",0.558240444748312,6
"vehicle2","logit","da_smote",0.558081405795861,7
"vehicle2","logit","da_smote_penn",0.553249901653314,8
"vehicle2","logit","ld_smote",0.563458233526065,4
"vehicle2","logit","penn",0.573523943775199,2
"vehicle2","logit","smote",0.564018253087203,3
"vehicle2","logit","smote_enn",0.546509215185587,10
"vehicle2","logit","smote_tomek",0.561246484007894,5
"vehicle2","rf","adasyn",1,3.5
"vehicle2","rf","baseline",1,3.5
"vehicle2","rf","borderline_smote",1,3.5
"vehicle2","rf","da_smote",1,3.5
"vehicle2","rf","da_smote_penn",0.982050590107434,9
"vehicle2","rf","ld_smote",1,3.5
"vehicle2","rf","penn",0.991663484864947,8
"vehicle2","rf","smote",1,3.5
"vehicle2","rf","smote_enn",0.880025689278161,10
"vehicle2","rf","smote_tomek",0.998901354478598,7
"vehicle2","svm_rbf","adasyn",0.971054666095077,4
"vehicle2","svm_rbf","baseline",1,1
"vehicle2","svm_rbf","borderline_smote",0.966160796200688,6
"vehicle2","svm_rbf","da_smote",0.971479873074392,3
"vehicle2","svm_rbf","da_smote_penn",0.957618802907012,9
"vehicle2","svm_rbf","ld_smote",0.936942792936289,10
"vehicle2","svm_rbf","penn",0.995896760975278,2
"vehicle2","svm_rbf","smote",0.96570054863677,8
"vehicle2","svm_rbf","smote_enn",0.966083941314196,7
"vehicle2","svm_rbf","smote_tomek",0.966595911738999,5
"vehicle2","xgb","adasyn",0.224590688346344,5.5
"vehicle2","xgb","baseline",0.224590688346344,5.5
"vehicle2","xgb","borderline_smote",0.224590688346344,5.5
"vehicle2","xgb","da_smote",0.224590688346344,5.5
"vehicle2","xgb","da_smote_penn",0.224590688346344,5.5
"vehicle2","xgb","ld_smote",0.224590688346344,5.5
"vehicle2","xgb","penn",0.224590688346344,5.5
"vehicle2","xgb","smote",0.224590688346344,5.5
"vehicle2","xgb","smote_enn",0.224590688346344,5.5
"vehicle2","xgb","smote_tomek",0.224590688346344,5.5
