"dataset","split","classifier","parameters"
"attrition",1,"knn","k=3"
"attrition",1,"logit","dummy=1"
"attrition",1,"svm_rbf","cost=0.1; gamma=0.1"
"attrition",1,"rf","num.trees=500; mtry_frac=0.2; min.node.size=1"
"attrition",1,"xgb","max_depth=3; eta=0.03; nrounds=150; subsample=0.8; colsample_bytree=0.8; min_child_weight=1"
"attrition",2,"knn","k=3"
"attrition",2,"logit","dummy=1"
"attrition",2,"svm_rbf","cost=0.1; gamma=0.1"
"attrition",2,"rf","num.trees=500; mtry_frac=0.2; min.node.size=1"
"attrition",2,"xgb","max_depth=3; eta=0.03; nrounds=150; subsample=0.8; colsample_bytree=0.8; min_child_weight=1"
"attrition",3,"knn","k=3"
"attrition",3,"logit","dummy=1"
"attrition",3,"svm_rbf","cost=0.1; gamma=0.1"
"attrition",3,"rf","num.trees=500; mtry_frac=0.2; min.node.size=1"
"attrition",3,"xgb","max_depth=3; eta=0.03; nrounds=150; subsample=0.8; colsample_bytree=0.8; min_child_weight=1"
"attrition",4,"knn","k=3"
"attrition",4,"logit","dummy=1"
"attrition",4,"svm_rbf","cost=0.1; gamma=0.1"
"attrition",4,"rf","num.trees=500; mtry_frac=0.2; min.node.size=1"
"attrition",4,"xgb","max_depth=3; eta=0.03; nrounds=150; subsample=0.8; colsample_bytree=0.8; min_child_weight=1"
"attrition",5,"knn","k=3"
"attrition",5,"logit","dummy=1"
"attrition",5,"svm_rbf","cost=0.1; gamma=0.1"
"attrition",5,"rf","num.trees=500; mtry_frac=0.2; min.node.size=1"
"attrition",5,"xgb","max_depth=3; eta=0.03; nrounds=150; subsample=0.8; colsample_bytree=0.8; min_child_weight=1"
"attrition",6,"knn","k=3"
"attrition",6,"logit","dummy=1"
"attrition",6,"svm_rbf","cost=0.1; gamma=0.1"
"attrition",6,"rf","num.trees=500; mtry_frac=0.2; min.node.size=1"
"attrition",6,"xgb","max_depth=3; eta=0.03; nrounds=150; subsample=0.8; colsample_bytree=0.8; min_child_weight=1"
"attrition",7,"knn","k=3"
"attrition",7,"logit","dummy=1"
"attrition",7,"svm_rbf","cost=0.1; gamma=0.1"
"attrition",7,"rf","num.trees=500; mtry_frac=0.2; min.node.size=1"
"attrition",7,"xgb","max_depth=3; eta=0.03; nrounds=150; subsample=0.8; colsample_bytree=0.8; min_child_weight=1"
"attrition",8,"knn","k=3"
"attrition",8,"logit","dummy=1"
"attrition",8,"svm_rbf","cost=0.1; gamma=0.1"
"attrition",8,"rf","num.trees=500; mtry_frac=0.2; min.node.size=1"
"attrition",8,"xgb","max_depth=3; eta=0.03; nrounds=150; subsample=0.8; colsample_bytree=0.8; min_child_weight=1"
"attrition",9,"knn","k=3"
"attrition",9,"logit","dummy=1"
"attrition",9,"svm_rbf","cost=0.1; gamma=0.1"
"attrition",9,"rf","num.trees=500; mtry_frac=0.2; min.node.size=1"
"attrition",9,"xgb","max_depth=3; eta=0.03; nrounds=150; subsample=0.8; colsample_bytree=0.8; min_child_weight=1"
"attrition",10,"knn","k=3"
"attrition",10,"logit","dummy=1"
"attrition",10,"svm_rbf","cost=0.1; gamma=0.1"
"attrition",10,"rf","num.trees=500; mtry_frac=0.2; min.node.size=1"
"attrition",10,"xgb","max_depth=3; eta=0.03; nrounds=150; subsample=0.8; colsample_bytree=0.8; min_child_weight=1"
"attrition",11,"knn","k=3"
"attrition",11,"logit","dummy=1"
"attrition",11,"svm_rbf","cost=0.1; gamma=0.1"
"attrition",11,"rf","num.trees=500; mtry_frac=0.2; min.node.size=1"
"attrition",11,"xgb","max_depth=3; eta=0.03; nrounds=150; subsample=0.8; colsample_bytree=0.8; min_child_weight=1"
"attrition",12,"knn","k=3"
"attrition",12,"logit","dummy=1"
"attrition",12,"svm_rbf","cost=0.1; gamma=0.1"
"attrition",12,"rf","num.trees=500; mtry_frac=0.2; min.node.size=1"
"attrition",12,"xgb","max_depth=3; eta=0.03; nrounds=150; subsample=0.8; colsample_bytree=0.8; min_child_weight=1"
"attrition",13,"knn","k=3"
"attrition",13,"logit","dummy=1"
"attrition",13,"svm_rbf","cost=0.1; gamma=0.1"
"attrition",13,"rf","num.trees=500; mtry_frac=0.2; min.node.size=1"
"attrition",13,"xgb","max_depth=3; eta=0.03; nrounds=150; subsample=0.8; colsample_bytree=0.8; min_child_weight=1"
"attrition",14,"knn","k=3"
"attrition",14,"logit","dummy=1"
"attrition",14,"svm_rbf","cost=0.1; gamma=0.1"
"attrition",14,"rf","num.trees=500; mtry_frac=0.2; min.node.size=1"
"attrition",14,"xgb","max_depth=3; eta=0.03; nrounds=150; subsample=0.8; colsample_bytree=0.8; min_child_weight=1"
"attrition",15,"knn","k=3"
"attrition",15,"logit","dummy=1"
"attrition",15,"svm_rbf","cost=0.1; gamma=0.1"
"attrition",15,"rf","num.trees=500; mtry_frac=0.2; min.node.size=1"
"attrition",15,"xgb","max_depth=3; eta=0.03; nrounds=150; subsample=0.8; colsample_bytree=0.8; min_child_weight=1"
"attrition",16,"knn","k=3"
"attrition",16,"logit","dummy=1"
"attrition",16,"svm_rbf","cost=0.1; gamma=0.1"
"attrition",16,"rf","num.trees=500; mtry_frac=0.2; min.node.size=1"
"attrition",16,"xgb","max_depth=3; eta=0.03; nrounds=150; subsample=0.8; colsample_bytree=0.8; min_child_weight=1"
"attrition",17,"knn","k=3"
"attrition",17,"logit","dummy=1"
"attrition",17,"svm_rbf","cost=0.1; gamma=0.1"
"attrition",17,"rf","num.trees=500; mtry_frac=0.2; min.node.size=1"
"attrition",17,"xgb","max_depth=3; eta=0.03; nrounds=150; subsample=0.8; colsample_bytree=0.8; min_child_weight=1"
"attrition",18,"knn","k=3"
"attrition",18,"logit","dummy=1"
"attrition",18,"svm_rbf","cost=0.1; gamma=0.1"
"attrition",18,"rf","num.trees=500; mtry_frac=0.2; min.node.size=1"
"attrition",18,"xgb","max_depth=3; eta=0.03; nrounds=150; subsample=0.8; colsample_bytree=0.8; min_child_weight=1"
"attrition",19,"knn","k=3"
"attrition",19,"logit","dummy=1"
"attrition",19,"svm_rbf","cost=0.1; gamma=0.1"
"attrition",19,"rf","num.trees=500; mtry_frac=0.2; min.node.size=1"
"attrition",19,"xgb","max_depth=3; eta=0.03; nrounds=150; subsample=0.8; colsample_bytree=0.8; min_child_weight=1"
"attrition",20,"knn","k=3"
"attrition",20,"logit","dummy=1"
"attrition",20,"svm_rbf","cost=0.1; gamma=0.1"
"attrition",20,"rf","num.trees=500; mtry_frac=0.2; min.node.size=1"
"attrition",20,"xgb","max_depth=3; eta=0.03; nrounds=150; subsample=0.8; colsample_bytree=0.8; min_child_weight=1"
"attrition",21,"knn","k=3"
"attrition",21,"logit","dummy=1"
"attrition",21,"svm_rbf","cost=0.1; gamma=0.1"
"attrition",21,"rf","num.trees=500; mtry_frac=0.2; min.node.size=1"
"attrition",21,"xgb","max_depth=3; eta=0.03; nrounds=150; subsample=0.8; colsample_bytree=0.8; min_child_weight=1"
"attrition",22,"knn","k=3"
"attrition",22,"logit","dummy=1"
"attrition",22,"svm_rbf","cost=0.1; gamma=0.1"
"attrition",22,"rf","num.trees=500; mtry_frac=0.2; min.node.size=1"
"attrition",22,"xgb","max_depth=3; eta=0.03; nrounds=150; subsample=0.8; colsample_bytree=0.8; min_child_weight=1"
"attrition",23,"knn","k=3"
"attrition",23,"logit","dummy=1"
"attrition",23,"svm_rbf","cost=0.1; gamma=0.1"
"attrition",23,"rf","num.trees=500; mtry_frac=0.2; min.node.size=1"
"attrition",23,"xgb","max_depth=3; eta=0.03; nrounds=150; subsample=0.8; colsample_bytree=0.8; min_child_weight=1"
"attrition",24,"knn","k=3"
"attrition",24,"logit","dummy=1"
"attrition",24,"svm_rbf","cost=0.1; gamma=0.1"
"attrition",24,"rf","num.trees=500; mtry_frac=0.2; min.node.size=1"
"attrition",24,"xgb","max_depth=3; eta=0.03; nrounds=150; subsample=0.8; colsample_bytree=0.8; min_child_weight=1"
"attrition",25,"knn","k=3"
"attrition",25,"logit","dummy=1"
"attrition",25,"svm_rbf","cost=0.1; gamma=0.1"
"attrition",25,"rf","num.trees=500; mtry_frac=0.2; min.node.size=1"
"attrition",25,"xgb","max_depth=3; eta=0.03; nrounds=150; subsample=0.8; colsample_bytree=0.8; min_child_weight=1"
"credit_data",1,"knn","k=3"
"credit_data",1,"logit","dummy=1"
"credit_data",1,"svm_rbf","cost=10; gamma=1"
"credit_data",1,"rf","num.trees=500; mtry_frac=0.2; min.node.size=1"
"credit_data",1,"xgb","max_depth=3; eta=0.03; nrounds=150; subsample=0.8; colsample_bytree=0.8; min_child_weight=1"
"credit_data",2,"knn","k=3"
"credit_data",2,"logit","dummy=1"
"credit_data",2,"svm_rbf","cost=10; gamma=1"
"credit_data",2,"rf","num.trees=500; mtry_frac=0.2; min.node.size=1"
"credit_data",2,"xgb","max_depth=3; eta=0.03; nrounds=150; subsample=0.8; colsample_bytree=0.8; min_child_weight=1"
"credit_data",3,"knn","k=3"
"credit_data",3,"logit","dummy=1"
"credit_data",3,"svm_rbf","cost=10; gamma=1"
"credit_data",3,"rf","num.trees=500; mtry_frac=0.2; min.node.size=1"
"credit_data",3,"xgb","max_depth=3; eta=0.03; nrounds=150; subsample=0.8; colsample_bytree=0.8; min_child_weight=1"
"credit_data",4,"knn","k=3"
"credit_data",4,"logit","dummy=1"
"credit_data",4,"svm_rbf","cost=10; gamma=1"
"credit_data",4,"rf","num.trees=500; mtry_frac=0.2; min.node.size=1"
"credit_data",4,"xgb","max_depth=3; eta=0.03; nrounds=150; subsample=0.8; colsample_bytree=0.8; min_child_weight=1"
"credit_data",5,"knn","k=3"
"credit_data",5,"logit","dummy=1"
"credit_data",5,"svm_rbf","cost=10; gamma=1"
"credit_data",5,"rf","num.trees=500; mtry_frac=0.2; min.node.size=1"
"credit_data",5,"xgb","max_depth=3; eta=0.03; nrounds=150; subsample=0.8; colsample_bytree=0.8; min_child_weight=1"
"credit_data",6,"knn","k=3"
"credit_data",6,"logit","dummy=1"
"credit_data",6,"svm_rbf","cost=10; gamma=1"
"credit_data",6,"rf","num.trees=500; mtry_frac=0.2; min.node.size=1"
"credit_data",6,"xgb","max_depth=3; eta=0.03; nrounds=150; subsample=0.8; colsample_bytree=0.8; min_child_weight=1"
"credit_data",7,"knn","k=3"
"credit_data",7,"logit","dummy=1"
"credit_data",7,"svm_rbf","cost=10; gamma=1"
"credit_data",7,"rf","num.trees=500; mtry_frac=0.2; min.node.size=1"
"credit_data",7,"xgb","max_depth=3; eta=0.03; nrounds=150; subsample=0.8; colsample_bytree=0.8; min_child_weight=1"
"credit_data",8,"knn","k=3"
"credit_data",8,"logit","dummy=1"
"credit_data",8,"svm_rbf","cost=10; gamma=1"
"credit_data",8,"rf","num.trees=500; mtry_frac=0.4; min.node.size=1"
"credit_data",8,"xgb","max_depth=3; eta=0.03; nrounds=150; subsample=0.8; colsample_bytree=0.8; min_child_weight=1"
"credit_data",9,"knn","k=3"
"credit_data",9,"logit","dummy=1"
"credit_data",9,"svm_rbf","cost=10; gamma=1"
"credit_data",9,"rf","num.trees=500; mtry_frac=0.4; min.node.size=1"
"credit_data",9,"xgb","max_depth=3; eta=0.03; nrounds=150; subsample=0.8; colsample_bytree=0.8; min_child_weight=1"
"credit_data",10,"knn","k=3"
"credit_data",10,"logit","dummy=1"
"credit_data",10,"svm_rbf","cost=10; gamma=1"
"credit_data",10,"rf","num.trees=500; mtry_frac=0.2; min.node.size=1"
"credit_data",10,"xgb","max_depth=3; eta=0.03; nrounds=150; subsample=0.8; colsample_bytree=0.8; min_child_weight=1"
"credit_data",11,"knn","k=3"
"credit_data",11,"logit","dummy=1"
"credit_data",11,"svm_rbf","cost=10; gamma=1"
"credit_data",11,"rf","num.trees=500; mtry_frac=0.2; min.node.size=1"
"credit_data",11,"xgb","max_depth=3; eta=0.03; nrounds=150; subsample=0.8; colsample_bytree=0.8; min_child_weight=1"
"credit_data",12,"knn","k=3"
"credit_data",12,"logit","dummy=1"
"credit_data",12,"svm_rbf","cost=10; gamma=1"
"credit_data",12,"rf","num.trees=500; mtry_frac=0.2; min.node.size=1"
"credit_data",12,"xgb","max_depth=3; eta=0.03; nrounds=150; subsample=0.8; colsample_bytree=0.8; min_child_weight=1"
"credit_data",13,"knn","k=3"
"credit_data",13,"logit","dummy=1"
"credit_data",13,"svm_rbf","cost=10; gamma=1"
"credit_data",13,"rf","num.trees=500; mtry_frac=0.2; min.node.size=1"
"credit_data",13,"xgb","max_depth=3; eta=0.03; nrounds=150; subsample=0.8; colsample_bytree=0.8; min_child_weight=1"
"credit_data",14,"knn","k=3"
"credit_data",14,"logit","dummy=1"
"credit_data",14,"svm_rbf","cost=10; gamma=1"
"credit_data",14,"rf","num.trees=500; mtry_frac=0.2; min.node.size=1"
"credit_data",14,"xgb","max_depth=3; eta=0.03; nrounds=150; subsample=0.8; colsample_bytree=0.8; min_child_weight=1"
"credit_data",15,"knn","k=3"
"credit_data",15,"logit","dummy=1"
"credit_data",15,"svm_rbf","cost=10; gamma=1"
"credit_data",15,"rf","num.trees=500; mtry_frac=0.2; min.node.size=1"
"credit_data",15,"xgb","max_depth=3; eta=0.03; nrounds=150; subsample=0.8; colsample_bytree=0.8; min_child_weight=1"
"credit_data",16,"knn","k=3"
"credit_data",16,"logit","dummy=1"
"credit_data",16,"svm_rbf","cost=10; gamma=1"
"credit_data",16,"rf","num.trees=500; mtry_frac=0.2; min.node.size=1"
"credit_data",16,"xgb","max_depth=3; eta=0.03; nrounds=150; subsample=0.8; colsample_bytree=0.8; min_child_weight=1"
"credit_data",17,"knn","k=3"
"credit_data",17,"logit","dummy=1"
"credit_data",17,"svm_rbf","cost=10; gamma=1"
"credit_data",17,"rf","num.trees=500; mtry_frac=0.2; min.node.size=1"
"credit_data",17,"xgb","max_depth=3; eta=0.03; nrounds=150; subsample=0.8; colsample_bytree=0.8; min_child_weight=1"
"credit_data",18,"knn","k=3"
"credit_data",18,"logit","dummy=1"
"credit_data",18,"svm_rbf","cost=10; gamma=1"
"credit_data",18,"rf","num.trees=500; mtry_frac=0.2; min.node.size=1"
"credit_data",18,"xgb","max_depth=3; eta=0.03; nrounds=150; subsample=0.8; colsample_bytree=0.8; min_child_weight=1"
"credit_data",19,"knn","k=3"
"credit_data",19,"logit","dummy=1"
"credit_data",19,"svm_rbf","cost=10; gamma=1"
"credit_data",19,"rf","num.trees=500; mtry_frac=0.2; min.node.size=1"
"credit_data",19,"xgb","max_depth=3; eta=0.03; nrounds=150; subsample=0.8; colsample_bytree=0.8; min_child_weight=1"
"credit_data",20,"knn","k=3"
"credit_data",20,"logit","dummy=1"
"credit_data",20,"svm_rbf","cost=10; gamma=1"
"credit_data",20,"rf","num.trees=500; mtry_frac=0.2; min.node.size=1"
"credit_data",20,"xgb","max_depth=3; eta=0.03; nrounds=150; subsample=0.8; colsample_bytree=0.8; min_child_weight=1"
"credit_data",21,"knn","k=3"
"credit_data",21,"logit","dummy=1"
"credit_data",21,"svm_rbf","cost=10; gamma=1"
"credit_data",21,"rf","num.trees=500; mtry_frac=0.4; min.node.size=1"
"credit_data",21,"xgb","max_depth=3; eta=0.03; nrounds=150; subsample=0.8; colsample_bytree=0.8; min_child_weight=1"
"credit_data",22,"knn","k=3"
"credit_data",22,"logit","dummy=1"
"credit_data",22,"svm_rbf","cost=10; gamma=1"
"credit_data",22,"rf","num.trees=500; mtry_frac=0.2; min.node.size=1"
"credit_data",22,"xgb","max_depth=3; eta=0.03; nrounds=150; subsample=0.8; colsample_bytree=0.8; min_child_weight=1"
"credit_data",23,"knn","k=3"
"credit_data",23,"logit","dummy=1"
"credit_data",23,"svm_rbf","cost=10; gamma=1"
"credit_data",23,"rf","num.trees=500; mtry_frac=0.4; min.node.size=1"
"credit_data",23,"xgb","max_depth=3; eta=0.03; nrounds=150; subsample=0.8; colsample_bytree=0.8; min_child_weight=1"
"credit_data",24,"knn","k=3"
"credit_data",24,"logit","dummy=1"
"credit_data",24,"svm_rbf","cost=10; gamma=1"
"credit_data",24,"rf","num.trees=500; mtry_frac=0.2; min.node.size=1"
"credit_data",24,"xgb","max_depth=3; eta=0.03; nrounds=150; subsample=0.8; colsample_bytree=0.8; min_child_weight=1"
"credit_data",25,"knn","k=3"
"credit_data",25,"logit","dummy=1"
"credit_data",25,"svm_rbf","cost=10; gamma=1"
"credit_data",25,"rf","num.trees=500; mtry_frac=0.2; min.node.size=1"
"credit_data",25,"xgb","max_depth=3; eta=0.03; nrounds=150; subsample=0.8; colsample_bytree=0.8; min_child_weight=1"
"newthyroid1",1,"knn","k=3"
"newthyroid1",1,"logit","dummy=1"
"newthyroid1",1,"svm_rbf","cost=0.1; gamma=0.01"
"newthyroid1",1,"rf","num.trees=500; mtry_frac=0.2; min.node.size=1"
"newthyroid1",1,"xgb","max_depth=3; eta=0.03; nrounds=150; subsample=0.8; colsample_bytree=0.8; min_child_weight=1"
"newthyroid1",2,"knn","k=3"
"newthyroid1",2,"logit","dummy=1"
"newthyroid1",2,"svm_rbf","cost=0.1; gamma=0.01"
"newthyroid1",2,"rf","num.trees=500; mtry_frac=0.2; min.node.size=1"
"newthyroid1",2,"xgb","max_depth=3; eta=0.03; nrounds=150; subsample=0.8; colsample_bytree=0.8; min_child_weight=1"
"newthyroid1",3,"knn","k=3"
"newthyroid1",3,"logit","dummy=1"
"newthyroid1",3,"svm_rbf","cost=0.1; gamma=0.01"
"newthyroid1",3,"rf","num.trees=500; mtry_frac=0.2; min.node.size=1"
"newthyroid1",3,"xgb","max_depth=3; eta=0.03; nrounds=150; subsample=0.8; colsample_bytree=0.8; min_child_weight=1"
"newthyroid1",4,"knn","k=3"
"newthyroid1",4,"logit","dummy=1"
"newthyroid1",4,"svm_rbf","cost=0.1; gamma=0.01"
"newthyroid1",4,"rf","num.trees=500; mtry_frac=0.2; min.node.size=1"
"newthyroid1",4,"xgb","max_depth=3; eta=0.03; nrounds=150; subsample=0.8; colsample_bytree=0.8; min_child_weight=1"
"newthyroid1",5,"knn","k=3"
"newthyroid1",5,"logit","dummy=1"
"newthyroid1",5,"svm_rbf","cost=0.1; gamma=0.01"
"newthyroid1",5,"rf","num.trees=500; mtry_frac=0.2; min.node.size=1"
"newthyroid1",5,"xgb","max_depth=3; eta=0.03; nrounds=150; subsample=0.8; colsample_bytree=0.8; min_child_weight=1"
"newthyroid1",6,"knn","k=3"
"newthyroid1",6,"logit","dummy=1"
"newthyroid1",6,"svm_rbf","cost=0.1; gamma=0.01"
"newthyroid1",6,"rf","num.trees=500; mtry_frac=0.2; min.node.size=1"
"newthyroid1",6,"xgb","max_depth=3; eta=0.03; nrounds=150; subsample=0.8; colsample_bytree=0.8; min_child_weight=1"
"newthyroid1",7,"knn","k=3"
"newthyroid1",7,"logit","dummy=1"
"newthyroid1",7,"svm_rbf","cost=0.1; gamma=0.01"
"newthyroid1",7,"rf","num.trees=500; mtry_frac=0.2; min.node.size=1"
"newthyroid1",7,"xgb","max_depth=3; eta=0.03; nrounds=150; subsample=0.8; colsample_bytree=0.8; min_child_weight=1"
"newthyroid1",8,"knn","k=3"
"newthyroid1",8,"logit","dummy=1"
"newthyroid1",8,"svm_rbf","cost=0.1; gamma=0.01"
"newthyroid1",8,"rf","num.trees=500; mtry_frac=0.2; min.node.size=1"
"newthyroid1",8,"xgb","max_depth=3; eta=0.03; nrounds=150; subsample=0.8; colsample_bytree=0.8; min_child_weight=1"
"newthyroid1",9,"knn","k=3"
"newthyroid1",9,"logit","dummy=1"
"newthyroid1",9,"svm_rbf","cost=0.1; gamma=0.01"
"newthyroid1",9,"rf","num.trees=500; mtry_frac=0.2; min.node.size=1"
"newthyroid1",9,"xgb","max_depth=3; eta=0.03; nrounds=150; subsample=0.8; colsample_bytree=0.8; min_child_weight=1"
"newthyroid1",10,"knn","k=3"
"newthyroid1",10,"logit","dummy=1"
"newthyroid1",10,"svm_rbf","cost=0.1; gamma=0.01"
"newthyroid1",10,"rf","num.trees=500; mtry_frac=0.2; min.node.size=1"
"newthyroid1",10,"xgb","max_depth=3; eta=0.03; nrounds=150; subsample=0.8; colsample_bytree=0.8; min_child_weight=1"
"newthyroid1",11,"knn","k=3"
"newthyroid1",11,"logit","dummy=1"
"newthyroid1",11,"svm_rbf","cost=0.1; gamma=0.01"
"newthyroid1",11,"rf","num.trees=500; mtry_frac=0.2; min.node.size=1"
"newthyroid1",11,"xgb","max_depth=3; eta=0.03; nrounds=150; subsample=0.8; colsample_bytree=0.8; min_child_weight=1"
"newthyroid1",12,"knn","k=3"
"newthyroid1",12,"logit","dummy=1"
"newthyroid1",12,"svm_rbf","cost=0.1; gamma=0.01"
"newthyroid1",12,"rf","num.trees=500; mtry_frac=0.2; min.node.size=1"
"newthyroid1",12,"xgb","max_depth=3; eta=0.03; nrounds=150; subsample=0.8; colsample_bytree=0.8; min_child_weight=1"
"newthyroid1",13,"knn","k=3"
"newthyroid1",13,"logit","dummy=1"
"newthyroid1",13,"svm_rbf","cost=0.1; gamma=0.01"
"newthyroid1",13,"rf","num.trees=500; mtry_frac=0.2; min.node.size=1"
"newthyroid1",13,"xgb","max_depth=3; eta=0.03; nrounds=150; subsample=0.8; colsample_bytree=0.8; min_child_weight=1"
"newthyroid1",14,"knn","k=3"
"newthyroid1",14,"logit","dummy=1"
"newthyroid1",14,"svm_rbf","cost=0.1; gamma=0.01"
"newthyroid1",14,"rf","num.trees=500; mtry_frac=0.2; min.node.size=1"
"newthyroid1",14,"xgb","max_depth=3; eta=0.03; nrounds=150; subsample=0.8; colsample_bytree=0.8; min_child_weight=1"
"newthyroid1",15,"knn","k=3"
"newthyroid1",15,"logit","dummy=1"
"newthyroid1",15,"svm_rbf","cost=0.1; gamma=0.01"
"newthyroid1",15,"rf","num.trees=500; mtry_frac=0.2; min.node.size=1"
"newthyroid1",15,"xgb","max_depth=3; eta=0.03; nrounds=150; subsample=0.8; colsample_bytree=0.8; min_child_weight=1"
"newthyroid1",16,"knn","k=3"
"newthyroid1",16,"logit","dummy=1"
"newthyroid1",16,"svm_rbf","cost=0.1; gamma=0.01"
"newthyroid1",16,"rf","num.trees=500; mtry_frac=0.2; min.node.size=1"
"newthyroid1",16,"xgb","max_depth=3; eta=0.03; nrounds=150; subsample=0.8; colsample_bytree=0.8; min_child_weight=1"
"newthyroid1",17,"knn","k=3"
"newthyroid1",17,"logit","dummy=1"
"newthyroid1",17,"svm_rbf","cost=0.1; gamma=0.01"
"newthyroid1",17,"rf","num.trees=500; mtry_frac=0.2; min.node.size=1"
"newthyroid1",17,"xgb","max_depth=3; eta=0.03; nrounds=150; subsample=0.8; colsample_bytree=0.8; min_child_weight=1"
"newthyroid1",18,"knn","k=3"
"newthyroid1",18,"logit","dummy=1"
"newthyroid1",18,"svm_rbf","cost=0.1; gamma=0.01"
"newthyroid1",18,"rf","num.trees=500; mtry_frac=0.2; min.node.size=1"
"newthyroid1",18,"xgb","max_depth=3; eta=0.03; nrounds=150; subsample=0.8; colsample_bytree=0.8; min_child_weight=1"
"newthyroid1",19,"knn","k=3"
"newthyroid1",19,"logit","dummy=1"
"newthyroid1",19,"svm_rbf","cost=0.1; gamma=0.01"
"newthyroid1",19,"rf","num.trees=500; mtry_frac=0.2; min.node.size=1"
"newthyroid1",19,"xgb","max_depth=3; eta=0.03; nrounds=150; subsample=0.8; colsample_bytree=0.8; min_child_weight=1"
"newthyroid1",20,"knn","k=3"
"newthyroid1",20,"logit","dummy=1"
"newthyroid1",20,"svm_rbf","cost=0.1; gamma=0.01"
"newthyroid1",20,"rf","num.trees=500; mtry_frac=0.2; min.node.size=1"
"newthyroid1",20,"xgb","max_depth=3; eta=0.03; nrounds=150; subsample=0.8; colsample_bytree=0.8; min_child_weight=1"
"newthyroid1",21,"knn","k=3"
"newthyroid1",21,"logit","dummy=1"
"newthyroid1",21,"svm_rbf","cost=0.1; gamma=0.01"
"newthyroid1",21,"rf","num.trees=500; mtry_frac=0.2; min.node.size=1"
"newthyroid1",21,"xgb","max_depth=3; eta=0.03; nrounds=150; subsample=0.8; colsample_bytree=0.8; min_child_weight=1"
"newthyroid1",22,"knn","k=3"
"newthyroid1",22,"logit","dummy=1"
"newthyroid1",22,"svm_rbf","cost=0.1; gamma=0.01"
"newthyroid1",22,"rf","num.trees=500; mtry_frac=0.2; min.node.size=1"
"newthyroid1",22,"xgb","max_depth=3; eta=0.03; nrounds=150; subsample=0.8; colsample_bytree=0.8; min_child_weight=1"
"newthyroid1",23,"knn","k=3"
"newthyroid1",23,"logit","dummy=1"
"newthyroid1",23,"svm_rbf","cost=0.1; gamma=0.01"
"newthyroid1",23,"rf","num.trees=500; mtry_frac=0.2; min.node.size=1"
"newthyroid1",23,"xgb","max_depth=3; eta=0.03; nrounds=150; subsample=0.8; colsample_bytree=0.8; min_child_weight=1"
"newthyroid1",24,"knn","k=3"
"newthyroid1",24,"logit","dummy=1"
"newthyroid1",24,"svm_rbf","cost=0.1; gamma=0.01"
"newthyroid1",24,"rf","num.trees=500; mtry_frac=0.2; min.node.size=1"
"newthyroid1",24,"xgb","max_depth=3; eta=0.03; nrounds=150; subsample=0.8; colsample_bytree=0.8; min_child_weight=1"
"newthyroid1",25,"knn","k=3"
"newthyroid1",25,"logit","dummy=1"
"newthyroid1",25,"svm_rbf","cost=0.1; gamma=0.01"
"newthyroid1",25,"rf","num.trees=500; mtry_frac=0.2; min.node.size=1"
"newthyroid1",25,"xgb","max_depth=3; eta=0.03; nrounds=150; subsample=0.8; colsample_bytree=0.8; min_child_weight=1"
"glass0",1,"knn","k=3"
"glass0",1,"logit","dummy=1"
"glass0",1,"svm_rbf","cost=0.1; gamma=0.01"
"glass0",1,"rf","num.trees=500; mtry_frac=0.2; min.node.size=1"
"glass0",1,"xgb","max_depth=3; eta=0.03; nrounds=150; subsample=0.8; colsample_bytree=0.8; min_child_weight=1"
"glass0",2,"knn","k=3"
"glass0",2,"logit","dummy=1"
"glass0",2,"svm_rbf","cost=0.1; gamma=0.01"
"glass0",2,"rf","num.trees=500; mtry_frac=0.2; min.node.size=1"
"glass0",2,"xgb","max_depth=3; eta=0.03; nrounds=150; subsample=0.8; colsample_bytree=0.8; min_child_weight=1"
"glass0",3,"knn","k=3"
"glass0",3,"logit","dummy=1"
"glass0",3,"svm_rbf","cost=0.1; gamma=0.01"
"glass0",3,"rf","num.trees=500; mtry_frac=0.2; min.node.size=1"
"glass0",3,"xgb","max_depth=3; eta=0.03; nrounds=150; subsample=0.8; colsample_bytree=0.8; min_child_weight=1"
"glass0",4,"knn","k=3"
"glass0",4,"logit","dummy=1"
"glass0",4,"svm_rbf","cost=0.1; gamma=0.01"
"glass0",4,"rf","num.trees=500; mtry_frac=0.2; min.node.size=1"
"glass0",4,"xgb","max_depth=3; eta=0.03; nrounds=150; subsample=0.8; colsample_bytree=0.8; min_child_weight=1"
"glass0",5,"knn","k=3"
"glass0",5,"logit","dummy=1"
"glass0",5,"svm_rbf","cost=0.1; gamma=0.01"
"glass0",5,"rf","num.trees=500; mtry_frac=0.2; min.node.size=1"
"glass0",5,"xgb","max_depth=3; eta=0.03; nrounds=150; subsample=0.8; colsample_bytree=0.8; min_child_weight=1"
"glass0",6,"knn","k=3"
"glass0",6,"logit","dummy=1"
"glass0",6,"svm_rbf","cost=0.1; gamma=0.01"
"glass0",6,"rf","num.trees=500; mtry_frac=0.2; min.node.size=1"
"glass0",6,"xgb","max_depth=3; eta=0.03; nrounds=150; subsample=0.8; colsample_bytree=0.8; min_child_weight=1"
"glass0",7,"knn","k=3"
"glass0",7,"logit","dummy=1"
"glass0",7,"svm_rbf","cost=0.1; gamma=0.01"
"glass0",7,"rf","num.trees=500; mtry_frac=0.2; min.node.size=1"
"glass0",7,"xgb","max_depth=3; eta=0.03; nrounds=150; subsample=0.8; colsample_bytree=0.8; min_child_weight=1"
"glass0",8,"knn","k=3"
"glass0",8,"logit","dummy=1"
"glass0",8,"svm_rbf","cost=0.1; gamma=0.01"
"glass0",8,"rf","num.trees=500; mtry_frac=0.2; min.node.size=1"
"glass0",8,"xgb","max_depth=3; eta=0.03; nrounds=150; subsample=0.8; colsample_bytree=0.8; min_child_weight=1"
"glass0",9,"knn","k=3"
"glass0",9,"logit","dummy=1"
"glass0",9,"svm_rbf","cost=0.1; gamma=0.01"
"glass0",9,"rf","num.trees=500; mtry_frac=0.2; min.node.size=1"
"glass0",9,"xgb","max_depth=3; eta=0.03; nrounds=150; subsample=0.8; colsample_bytree=0.8; min_child_weight=1"
"glass0",10,"knn","k=3"
"glass0",10,"logit","dummy=1"
"glass0",10,"svm_rbf","cost=0.1; gamma=0.01"
"glass0",10,"rf","num.trees=500; mtry_frac=0.2; min.node.size=1"
"glass0",10,"xgb","max_depth=3; eta=0.03; nrounds=150; subsample=0.8; colsample_bytree=0.8; min_child_weight=1"
"glass0",11,"knn","k=3"
"glass0",11,"logit","dummy=1"
"glass0",11,"svm_rbf","cost=0.1; gamma=0.01"
"glass0",11,"rf","num.trees=500; mtry_frac=0.2; min.node.size=1"
"glass0",11,"xgb","max_depth=3; eta=0.03; nrounds=150; subsample=0.8; colsample_bytree=0.8; min_child_weight=1"
"glass0",12,"knn","k=3"
"glass0",12,"logit","dummy=1"
"glass0",12,"svm_rbf","cost=0.1; gamma=0.01"
"glass0",12,"rf","num.trees=500; mtry_frac=0.2; min.node.size=1"
"glass0",12,"xgb","max_depth=3; eta=0.03; nrounds=150; subsample=0.8; colsample_bytree=0.8; min_child_weight=1"
"glass0",13,"knn","k=3"
"glass0",13,"logit","dummy=1"
"glass0",13,"svm_rbf","cost=0.1; gamma=0.01"
"glass0",13,"rf","num.trees=500; mtry_frac=0.2; min.node.size=1"
"glass0",13,"xgb","max_depth=3; eta=0.03; nrounds=150; subsample=0.8; colsample_bytree=0.8; min_child_weight=1"
"glass0",14,"knn","k=3"
"glass0",14,"logit","dummy=1"
"glass0",14,"svm_rbf","cost=0.1; gamma=0.01"
"glass0",14,"rf","num.trees=500; mtry_frac=0.2; min.node.size=1"
"glass0",14,"xgb","max_depth=3; eta=0.03; nrounds=150; subsample=0.8; colsample_bytree=0.8; min_child_weight=1"
"glass0",15,"knn","k=3"
"glass0",15,"logit","dummy=1"
"glass0",15,"svm_rbf","cost=0.1; gamma=0.01"
"glass0",15,"rf","num.trees=500; mtry_frac=0.2; min.node.size=1"
"glass0",15,"xgb","max_depth=3; eta=0.03; nrounds=150; subsample=0.8; colsample_bytree=0.8; min_child_weight=1"
"glass0",16,"knn","k=3"
"glass0",16,"logit","dummy=1"
"glass0",16,"svm_rbf","cost=0.1; gamma=0.01"
"glass0",16,"rf","num.trees=500; mtry_frac=0.2; min.node.size=1"
"glass0",16,"xgb","max_depth=3; eta=0.03; nrounds=150; subsample=0.8; colsample_bytree=0.8; min_child_weight=1"
"glass0",17,"knn","k=3"
"glass0",17,"logit","dummy=1"
"glass0",17,"svm_rbf","cost=0.1; gamma=0.01"
"glass0",17,"rf","num.trees=500; mtry_frac=0.2; min.node.size=1"
"glass0",17,"xgb","max_depth=3; eta=0.03; nrounds=150; subsample=0.8; colsample_bytree=0.8; min_child_weight=1"
"glass0",18,"knn","k=3"
"glass0",18,"logit","dummy=1"
"glass0",18,"svm_rbf","cost=0.1; gamma=0.01"
"glass0",18,"rf","num.trees=500; mtry_frac=0.2; min.node.size=1"
"glass0",18,"xgb","max_depth=3; eta=0.03; nrounds=150; subsample=0.8; colsample_bytree=0.8; min_child_weight=1"
"glass0",19,"knn","k=3"
"glass0",19,"logit","dummy=1"
"glass0",19,"svm_rbf","cost=0.1; gamma=0.01"
"glass0",19,"rf","num.trees=500; mtry_frac=0.2; min.node.size=1"
"glass0",19,"xgb","max_depth=3; eta=0.03; nrounds=150; subsample=0.8; colsample_bytree=0.8; min_child_weight=1"
"glass0",20,"knn","k=3"
"glass0",20,"logit","dummy=1"
"glass0",20,"svm_rbf","cost=0.1; gamma=0.01"
"glass0",20,"rf","num.trees=500; mtry_frac=0.2; min.node.size=1"
"glass0",20,"xgb","max_depth=3; eta=0.03; nrounds=150; subsample=0.8; colsample_bytree=0.8; min_child_weight=1"
"glass0",21,"knn","k=3"
"glass0",21,"logit","dummy=1"
"glass0",21,"svm_rbf","cost=0.1; gamma=0.01"
"glass0",21,"rf","num.trees=500; mtry_frac=0.2; min.node.size=1"
"glass0",21,"xgb","max_depth=3; eta=0.03; nrounds=150; subsample=0.8; colsample_bytree=0.8; min_child_weight=1"
"glass0",22,"knn","k=3"
"glass0",22,"logit","dummy=1"
"glass0",22,"svm_rbf","cost=0.1; gamma=0.01"
"glass0",22,"rf","num.trees=500; mtry_frac=0.2; min.node.size=1"
"glass0",22,"xgb","max_depth=3; eta=0.03; nrounds=150; subsample=0.8; colsample_bytree=0.8; min_child_weight=1"
"glass0",23,"knn","k=3"
"glass0",23,"logit","dummy=1"
"glass0",23,"svm_rbf","cost=0.1; gamma=0.01"
"glass0",23,"rf","num.trees=500; mtry_frac=0.2; min.node.size=1"
"glass0",23,"xgb","max_depth=3; eta=0.03; nrounds=150; subsample=0.8; colsample_bytree=0.8; min_child_weight=1"
"glass0",24,"knn","k=3"
"glass0",24,"logit","dummy=1"
"glass0",24,"svm_rbf","cost=0.1; gamma=0.01"
"glass0",24,"rf","num.trees=500; mtry_frac=0.2; min.node.size=1"
"glass0",24,"xgb","max_depth=3; eta=0.03; nrounds=150; subsample=0.8; colsample_bytree=0.8; min_child_weight=1"
"glass0",25,"knn","k=3"
"glass0",25,"logit","dummy=1"
"glass0",25,"svm_rbf","cost=0.1; gamma=0.01"
"glass0",25,"rf","num.trees=500; mtry_frac=0.2; min.node.size=1"
"glass0",25,"xgb","max_depth=3; eta=0.03; nrounds=150; subsample=0.8; colsample_bytree=0.8; min_child_weight=1"
"hacide",1,"knn","k=3"
"hacide",1,"logit","dummy=1"
"hacide",1,"svm_rbf","cost=0.1; gamma=0.01"
"hacide",1,"rf","num.trees=500; mtry_frac=0.2; min.node.size=1"
"hacide",1,"xgb","max_depth=3; eta=0.03; nrounds=150; subsample=0.8; colsample_bytree=0.8; min_child_weight=1"
"hacide",2,"knn","k=3"
"hacide",2,"logit","dummy=1"
"hacide",2,"svm_rbf","cost=0.1; gamma=0.01"
"hacide",2,"rf","num.trees=500; mtry_frac=0.2; min.node.size=1"
"hacide",2,"xgb","max_depth=3; eta=0.03; nrounds=150; subsample=0.8; colsample_bytree=0.8; min_child_weight=1"
"hacide",3,"knn","k=3"
"hacide",3,"logit","dummy=1"
"hacide",3,"svm_rbf","cost=0.1; gamma=0.01"
"hacide",3,"rf","num.trees=500; mtry_frac=0.2; min.node.size=1"
"hacide",3,"xgb","max_depth=3; eta=0.03; nrounds=150; subsample=0.8; colsample_bytree=0.8; min_child_weight=1"
"hacide",4,"knn","k=3"
"hacide",4,"logit","dummy=1"
"hacide",4,"svm_rbf","cost=0.1; gamma=0.01"
"hacide",4,"rf","num.trees=500; mtry_frac=0.2; min.node.size=1"
"hacide",4,"xgb","max_depth=3; eta=0.03; nrounds=150; subsample=0.8; colsample_bytree=0.8; min_child_weight=1"
"hacide",5,"knn","k=3"
"hacide",5,"logit","dummy=1"
"hacide",5,"svm_rbf","cost=0.1; gamma=0.01"
"hacide",5,"rf","num.trees=500; mtry_frac=0.2; min.node.size=1"
"hacide",5,"xgb","max_depth=3; eta=0.03; nrounds=150; subsample=0.8; colsample_bytree=0.8; min_child_weight=1"
"hacide",6,"knn","k=3"
"hacide",6,"logit","dummy=1"
"hacide",6,"svm_rbf","cost=0.1; gamma=0.01"
"hacide",6,"rf","num.trees=500; mtry_frac=0.2; min.node.size=1"
"hacide",6,"xgb","max_depth=3; eta=0.03; nrounds=150; subsample=0.8; colsample_bytree=0.8; min_child_weight=1"
"hacide",7,"knn","k=3"
"hacide",7,"logit","dummy=1"
"hacide",7,"svm_rbf","cost=0.1; gamma=0.01"
"hacide",7,"rf","num.trees=500; mtry_frac=0.2; min.node.size=1"
"hacide",7,"xgb","max_depth=3; eta=0.03; nrounds=150; subsample=0.8; colsample_bytree=0.8; min_child_weight=1"
"hacide",8,"knn","k=3"
"hacide",8,"logit","dummy=1"
"hacide",8,"svm_rbf","cost=0.1; gamma=0.01"
"hacide",8,"rf","num.trees=500; mtry_frac=0.2; min.node.size=1"
"hacide",8,"xgb","max_depth=3; eta=0.03; nrounds=150; subsample=0.8; colsample_bytree=0.8; min_child_weight=1"
"hacide",9,"knn","k=3"
"hacide",9,"logit","dummy=1"
"hacide",9,"svm_rbf","cost=0.1; gamma=0.01"
"hacide",9,"rf","num.trees=500; mtry_frac=0.2; min.node.size=1"
"hacide",9,"xgb","max_depth=3; eta=0.03; nrounds=150; subsample=0.8; colsample_bytree=0.8; min_child_weight=1"
"hacide",10,"knn","k=3"
"hacide",10,"logit","dummy=1"
"hacide",10,"svm_rbf","cost=0.1; gamma=0.01"
"hacide",10,"rf","num.trees=500; mtry_frac=0.2; min.node.size=1"
"hacide",10,"xgb","max_depth=3; eta=0.03; nrounds=150; subsample=0.8; colsample_bytree=0.8; min_child_weight=1"
"hacide",11,"knn","k=3"
"hacide",11,"logit","dummy=1"
"hacide",11,"svm_rbf","cost=0.1; gamma=0.01"
"hacide",11,"rf","num.trees=500; mtry_frac=0.2; min.node.size=1"
"hacide",11,"xgb","max_depth=3; eta=0.03; nrounds=150; subsample=0.8; colsample_bytree=0.8; min_child_weight=1"
"hacide",12,"knn","k=3"
"hacide",12,"logit","dummy=1"
"hacide",12,"svm_rbf","cost=0.1; gamma=0.01"
"hacide",12,"rf","num.trees=500; mtry_frac=0.2; min.node.size=1"
"hacide",12,"xgb","max_depth=3; eta=0.03; nrounds=150; subsample=0.8; colsample_bytree=0.8; min_child_weight=1"
"hacide",13,"knn","k=3"
"hacide",13,"logit","dummy=1"
"hacide",13,"svm_rbf","cost=0.1; gamma=0.01"
"hacide",13,"rf","num.trees=500; mtry_frac=0.2; min.node.size=1"
"hacide",13,"xgb","max_depth=3; eta=0.03; nrounds=150; subsample=0.8; colsample_bytree=0.8; min_child_weight=1"
"hacide",14,"knn","k=3"
"hacide",14,"logit","dummy=1"
"hacide",14,"svm_rbf","cost=0.1; gamma=0.01"
"hacide",14,"rf","num.trees=500; mtry_frac=0.2; min.node.size=1"
"hacide",14,"xgb","max_depth=3; eta=0.03; nrounds=150; subsample=0.8; colsample_bytree=0.8; min_child_weight=1"
"hacide",15,"knn","k=3"
"hacide",15,"logit","dummy=1"
"hacide",15,"svm_rbf","cost=0.1; gamma=0.01"
"hacide",15,"rf","num.trees=500; mtry_frac=0.2; min.node.size=1"
"hacide",15,"xgb","max_depth=3; eta=0.03; nrounds=150; subsample=0.8; colsample_bytree=0.8; min_child_weight=1"
"hacide",16,"knn","k=3"
"hacide",16,"logit","dummy=1"
"hacide",16,"svm_rbf","cost=0.1; gamma=0.01"
"hacide",16,"rf","num.trees=500; mtry_frac=0.2; min.node.size=1"
"hacide",16,"xgb","max_depth=3; eta=0.03; nrounds=150; subsample=0.8; colsample_bytree=0.8; min_child_weight=1"
"hacide",17,"knn","k=3"
"hacide",17,"logit","dummy=1"
"hacide",17,"svm_rbf","cost=0.1; gamma=0.01"
"hacide",17,"rf","num.trees=500; mtry_frac=0.2; min.node.size=1"
"hacide",17,"xgb","max_depth=3; eta=0.03; nrounds=150; subsample=0.8; colsample_bytree=0.8; min_child_weight=1"
"hacide",18,"knn","k=3"
"hacide",18,"logit","dummy=1"
"hacide",18,"svm_rbf","cost=0.1; gamma=0.01"
"hacide",18,"rf","num.trees=500; mtry_frac=0.2; min.node.size=1"
"hacide",18,"xgb","max_depth=3; eta=0.03; nrounds=150; subsample=0.8; colsample_bytree=0.8; min_child_weight=1"
"hacide",19,"knn","k=3"
"hacide",19,"logit","dummy=1"
"hacide",19,"svm_rbf","cost=0.1; gamma=0.01"
"hacide",19,"rf","num.trees=500; mtry_frac=0.2; min.node.size=1"
"hacide",19,"xgb","max_depth=3; eta=0.03; nrounds=150; subsample=0.8; colsample_bytree=0.8; min_child_weight=1"
"hacide",20,"knn","k=3"
"hacide",20,"logit","dummy=1"
"hacide",20,"svm_rbf","cost=0.1; gamma=0.01"
"hacide",20,"rf","num.trees=500; mtry_frac=0.2; min.node.size=1"
"hacide",20,"xgb","max_depth=3; eta=0.03; nrounds=150; subsample=0.8; colsample_bytree=0.8; min_child_weight=1"
"hacide",21,"knn","k=3"
"hacide",21,"logit","dummy=1"
"hacide",21,"svm_rbf","cost=0.1; gamma=0.01"
"hacide",21,"rf","num.trees=500; mtry_frac=0.2; min.node.size=1"
"hacide",21,"xgb","max_depth=3; eta=0.03; nrounds=150; subsample=0.8; colsample_bytree=0.8; min_child_weight=1"
"hacide",22,"knn","k=3"
"hacide",22,"logit","dummy=1"
"hacide",22,"svm_rbf","cost=0.1; gamma=0.01"
"hacide",22,"rf","num.trees=500; mtry_frac=0.2; min.node.size=1"
"hacide",22,"xgb","max_depth=3; eta=0.03; nrounds=150; subsample=0.8; colsample_bytree=0.8; min_child_weight=1"
"hacide",23,"knn","k=3"
"hacide",23,"logit","dummy=1"
"hacide",23,"svm_rbf","cost=0.1; gamma=0.01"
"hacide",23,"rf","num.trees=500; mtry_frac=0.2; min.node.size=1"
"hacide",23,"xgb","max_depth=3; eta=0.03; nrounds=150; subsample=0.8; colsample_bytree=0.8; min_child_weight=1"
"hacide",24,"knn","k=3"
"hacide",24,"logit","dummy=1"
"hacide",24,"svm_rbf","cost=0.1; gamma=0.01"
"hacide",24,"rf","num.trees=500; mtry_frac=0.2; min.node.size=1"
"hacide",24,"xgb","max_depth=3; eta=0.03; nrounds=150; subsample=0.8; colsample_bytree=0.8; min_child_weight=1"
"hacide",25,"knn","k=3"
"hacide",25,"logit","dummy=1"
"hacide",25,"svm_rbf","cost=0.1; gamma=0.01"
"hacide",25,"rf","num.trees=500; mtry_frac=0.2; min.node.size=1"
"hacide",25,"xgb","max_depth=3; eta=0.03; nrounds=150; subsample=0.8; colsample_bytree=0.8; min_child_weight=1"
"vehicle2",1,"knn","k=3"
"vehicle2",1,"logit","dummy=1"
"vehicle2",1,"svm_rbf","cost=0.1; gamma=1"
"vehicle2",1,"rf","num.trees=500; mtry_frac=0.2; min.node.size=1"
"vehicle2",1,"xgb","max_depth=3; eta=0.03; nrounds=150; subsample=0.8; colsample_bytree=0.8; min_child_weight=1"
"vehicle2",2,"knn","k=3"
"vehicle2",2,"logit","dummy=1"
"vehicle2",2,"svm_rbf","cost=0.1; gamma=1"
"vehicle2",2,"rf","num.trees=500; mtry_frac=0.2; min.node.size=1"
"vehicle2",2,"xgb","max_depth=3; eta=0.03; nrounds=150; subsample=0.8; colsample_bytree=0.8; min_child_weight=1"
"vehicle2",3,"knn","k=3"
"vehicle2",3,"logit","dummy=1"
"vehicle2",3,"svm_rbf","cost=0.1; gamma=1"
"vehicle2",3,"rf","num.trees=500; mtry_frac=0.2; min.node.size=1"
"vehicle2",3,"xgb","max_depth=3; eta=0.03; nrounds=150; subsample=0.8; colsample_bytree=0.8; min_child_weight=1"
"vehicle2",4,"knn","k=3"
"vehicle2",4,"logit","dummy=1"
"vehicle2",4,"svm_rbf","cost=0.1; gamma=1"
"vehicle2",4,"rf","num.trees=500; mtry_frac=0.2; min.node.size=1"
"vehicle2",4,"xgb","max_depth=3; eta=0.03; nrounds=150; subsample=0.8; colsample_bytree=0.8; min_child_weight=1"
"vehicle2",5,"knn","k=3"
"vehicle2",5,"logit","dummy=1"
"vehicle2",5,"svm_rbf","cost=0.1; gamma=1"
"vehicle2",5,"rf","num.trees=500; mtry_frac=0.2; min.node.size=1"
"vehicle2",5,"xgb","max_depth=3; eta=0.03; nrounds=150; subsample=0.8; colsample_bytree=0.8; min_child_weight=1"
"vehicle2",6,"knn","k=3"
"vehicle2",6,"logit","dummy=1"
"vehicle2",6,"svm_rbf","cost=0.1; gamma=1"
"vehicle2",6,"rf","num.trees=500; mtry_frac=0.2; min.node.size=1"
"vehicle2",6,"xgb","max_depth=3; eta=0.03; nrounds=150; subsample=0.8; colsample_bytree=0.8; min_child_weight=1"
"vehicle2",7,"knn","k=3"
"vehicle2",7,"logit","dummy=1"
"vehicle2",7,"svm_rbf","cost=0.1; gamma=1"
"vehicle2",7,"rf","num.trees=500; mtry_frac=0.2; min.node.size=1"
"vehicle2",7,"xgb","max_depth=3; eta=0.03; nrounds=150; subsample=0.8; colsample_bytree=0.8; min_child_weight=1"
"vehicle2",8,"knn","k=3"
"vehicle2",8,"logit","dummy=1"
"vehicle2",8,"svm_rbf","cost=0.1; gamma=1"
"vehicle2",8,"rf","num.trees=500; mtry_frac=0.2; min.node.size=1"
"vehicle2",8,"xgb","max_depth=3; eta=0.03; nrounds=150; subsample=0.8; colsample_bytree=0.8; min_child_weight=1"
"vehicle2",9,"knn","k=3"
"vehicle2",9,"logit","dummy=1"
"vehicle2",9,"svm_rbf","cost=0.1; gamma=1"
"vehicle2",9,"rf","num.trees=500; mtry_frac=0.2; min.node.size=1"
"vehicle2",9,"xgb","max_depth=3; eta=0.03; nrounds=150; subsample=0.8; colsample_bytree=0.8; min_child_weight=1"
"vehicle2",10,"knn","k=3"
"vehicle2",10,"logit","dummy=1"
"vehicle2",10,"svm_rbf","cost=0.1; gamma=1"
"vehicle2",10,"rf","num.trees=500; mtry_frac=0.2; min.node.size=1"
"vehicle2",10,"xgb","max_depth=3; eta=0.03; nrounds=150; subsample=0.8; colsample_bytree=0.8; min_child_weight=1"
"vehicle2",11,"knn","k=3"
"vehicle2",11,"logit","dummy=1"
"vehicle2",11,"svm_rbf","cost=0.1; gamma=1"
"vehicle2",11,"rf","num.trees=500; mtry_frac=0.2; min.node.size=1"
"vehicle2",11,"xgb","max_depth=3; eta=0.03; nrounds=150; subsample=0.8; colsample_bytree=0.8; min_child_weight=1"
"vehicle2",12,"knn","k=3"
"vehicle2",12,"logit","dummy=1"
"vehicle2",12,"svm_rbf","cost=0.1; gamma=1"
"vehicle2",12,"rf","num.trees=500; mtry_frac=0.2; min.node.size=1"
"vehicle2",12,"xgb","max_depth=3; eta=0.03; nrounds=150; subsample=0.8; colsample_bytree=0.8; min_child_weight=1"
"vehicle2",13,"knn","k=3"
"vehicle2",13,"logit","dummy=1"
"vehicle2",13,"svm_rbf","cost=0.1; gamma=1"
"vehicle2",13,"rf","num.trees=500; mtry_frac=0.2; min.node.size=1"
"vehicle2",13,"xgb","max_depth=3; eta=0.03; nrounds=150; subsample=0.8; colsample_bytree=0.8; min_child_weight=1"
"vehicle2",14,"knn","k=3"
"vehicle2",14,"logit","dummy=1"
"vehicle2",14,"svm_rbf","cost=0.1; gamma=1"
"vehicle2",14,"rf","num.trees=500; mtry_frac=0.2; min.node.size=1"
"vehicle2",14,"xgb","max_depth=3; eta=0.03; nrounds=150; subsample=0.8; colsample_bytree=0.8; min_child_weight=1"
"vehicle2",15,"knn","k=3"
"vehicle2",15,"logit","dummy=1"
"vehicle2",15,"svm_rbf","cost=0.1; gamma=1"
"vehicle2",15,"rf","num.trees=500; mtry_frac=0.2; min.node.size=1"
"vehicle2",15,"xgb","max_depth=3; eta=0.03; nrounds=150; subsample=0.8; colsample_bytree=0.8; min_child_weight=1"
"vehicle2",16,"knn","k=3"
"vehicle2",16,"logit","dummy=1"
"vehicle2",16,"svm_rbf","cost=0.1; gamma=1"
"vehicle2",16,"rf","num.trees=500; mtry_frac=0.2; min.node.size=1"
"vehicle2",16,"xgb","max_depth=3; eta=0.03; nrounds=150; subsample=0.8; colsample_bytree=0.8; min_child_weight=1"
"vehicle2",17,"knn","k=3"
"vehicle2",17,"logit","dummy=1"
"vehicle2",17,"svm_rbf","cost=0.1; gamma=1"
"vehicle2",17,"rf","num.trees=500; mtry_frac=0.2; min.node.size=1"
"vehicle2",17,"xgb","max_depth=3; eta=0.03; nrounds=150; subsample=0.8; colsample_bytree=0.8; min_child_weight=1"
"vehicle2",18,"knn","k=3"
"vehicle2",18,"logit","dummy=1"
"vehicle2",18,"svm_rbf","cost=0.1; gamma=1"
"vehicle2",18,"rf","num.trees=500; mtry_frac=0.2; min.node.size=1"
"vehicle2",18,"xgb","max_depth=3; eta=0.03; nrounds=150; subsample=0.8; colsample_bytree=0.8; min_child_weight=1"
"vehicle2",19,"knn","k=3"
"vehicle2",19,"logit","dummy=1"
"vehicle2",19,"svm_rbf","cost=0.1; gamma=1"
"vehicle2",19,"rf","num.trees=500; mtry_frac=0.2; min.node.size=1"
"vehicle2",19,"xgb","max_depth=3; eta=0.03; nrounds=150; subsample=0.8; colsample_bytree=0.8; min_child_weight=1"
"vehicle2",20,"knn","k=3"
"vehicle2",20,"logit","dummy=1"
"vehicle2",20,"svm_rbf","cost=0.1; gamma=1"
"vehicle2",20,"rf","num.trees=500; mtry_frac=0.2; min.node.size=1"
"vehicle2",20,"xgb","max_depth=3; eta=0.03; nrounds=150; subsample=0.8; colsample_bytree=0.8; min_child_weight=1"
"vehicle2",21,"knn","k=3"
"vehicle2",21,"logit","dummy=1"
"vehicle2",21,"svm_rbf","cost=0.1; gamma=1"
"vehicle2",21,"rf","num.trees=500; mtry_frac=0.2; min.node.size=1"
"vehicle2",21,"xgb","max_depth=3; eta=0.03; nrounds=150; subsample=0.8; colsample_bytree=0.8; min_child_weight=1"
"vehicle2",22,"knn","k=3"
"vehicle2",22,"logit","dummy=1"
"vehicle2",22,"svm_rbf","cost=0.1; gamma=1"
"vehicle2",22,"rf","num.trees=500; mtry_frac=0.2; min.node.size=1"
"vehicle2",22,"xgb","max_depth=3; eta=0.03; nrounds=150; subsample=0.8; colsample_bytree=0.8; min_child_weight=1"
"vehicle2",23,"knn","k=3"
"vehicle2",23,"logit","dummy=1"
"vehicle2",23,"svm_rbf","cost=0.1; gamma=1"
"vehicle2",23,"rf","num.trees=500; mtry_frac=0.2; min.node.size=1"
"vehicle2",23,"xgb","max_depth=3; eta=0.03; nrounds=150; subsample=0.8; colsample_bytree=0.8; min_child_weight=1"
"vehicle2",24,"knn","k=3"
"vehicle2",24,"logit","dummy=1"
"vehicle2",24,"svm_rbf","cost=0.1; gamma=1"
"vehicle2",24,"rf","num.trees=500; mtry_frac=0.2; min.node.size=1"
"vehicle2",24,"xgb","max_depth=3; eta=0.03; nrounds=150; subsample=0.8; colsample_bytree=0.8; min_child_weight=1"
"vehicle2",25,"knn","k=3"
"vehicle2",25,"logit","dummy=1"
"vehicle2",25,"svm_rbf","cost=0.1; gamma=1"
"vehicle2",25,"rf","num.trees=500; mtry_frac=0.2; min.node.size=1"
"vehicle2",25,"xgb","max_depth=3; eta=0.03; nrounds=150; subsample=0.8; colsample_bytree=0.8; min_child_weight=1"
"pima",1,"knn","k=3"
"pima",1,"logit","dummy=1"
"pima",1,"svm_rbf","cost=10; gamma=1"
"pima",1,"rf","num.trees=500; mtry_frac=0.2; min.node.size=1"
"pima",1,"xgb","max_depth=3; eta=0.03; nrounds=150; subsample=0.8; colsample_bytree=0.8; min_child_weight=1"
"pima",2,"knn","k=3"
"pima",2,"logit","dummy=1"
"pima",2,"svm_rbf","cost=10; gamma=1"
"pima",2,"rf","num.trees=500; mtry_frac=0.2; min.node.size=1"
"pima",2,"xgb","max_depth=3; eta=0.03; nrounds=150; subsample=0.8; colsample_bytree=0.8; min_child_weight=1"
"pima",3,"knn","k=3"
"pima",3,"logit","dummy=1"
"pima",3,"svm_rbf","cost=10; gamma=1"
"pima",3,"rf","num.trees=500; mtry_frac=0.2; min.node.size=1"
"pima",3,"xgb","max_depth=3; eta=0.03; nrounds=150; subsample=0.8; colsample_bytree=0.8; min_child_weight=1"
"pima",4,"knn","k=3"
"pima",4,"logit","dummy=1"
"pima",4,"svm_rbf","cost=10; gamma=1"
"pima",4,"rf","num.trees=500; mtry_frac=0.2; min.node.size=1"
"pima",4,"xgb","max_depth=3; eta=0.03; nrounds=150; subsample=0.8; colsample_bytree=0.8; min_child_weight=1"
"pima",5,"knn","k=3"
"pima",5,"logit","dummy=1"
"pima",5,"svm_rbf","cost=10; gamma=1"
"pima",5,"rf","num.trees=500; mtry_frac=0.2; min.node.size=1"
"pima",5,"xgb","max_depth=3; eta=0.03; nrounds=150; subsample=0.8; colsample_bytree=0.8; min_child_weight=1"
"pima",6,"knn","k=3"
"pima",6,"logit","dummy=1"
"pima",6,"svm_rbf","cost=10; gamma=1"
"pima",6,"rf","num.trees=500; mtry_frac=0.2; min.node.size=1"
"pima",6,"xgb","max_depth=3; eta=0.03; nrounds=150; subsample=0.8; colsample_bytree=0.8; min_child_weight=1"
"pima",7,"knn","k=3"
"pima",7,"logit","dummy=1"
"pima",7,"svm_rbf","cost=10; gamma=1"
"pima",7,"rf","num.trees=500; mtry_frac=0.2; min.node.size=1"
"pima",7,"xgb","max_depth=3; eta=0.03; nrounds=150; subsample=0.8; colsample_bytree=0.8; min_child_weight=1"
"pima",8,"knn","k=3"
"pima",8,"logit","dummy=1"
"pima",8,"svm_rbf","cost=10; gamma=1"
"pima",8,"rf","num.trees=500; mtry_frac=0.2; min.node.size=1"
"pima",8,"xgb","max_depth=3; eta=0.03; nrounds=150; subsample=0.8; colsample_bytree=0.8; min_child_weight=1"
"pima",9,"knn","k=3"
"pima",9,"logit","dummy=1"
"pima",9,"svm_rbf","cost=10; gamma=1"
"pima",9,"rf","num.trees=500; mtry_frac=0.2; min.node.size=1"
"pima",9,"xgb","max_depth=3; eta=0.03; nrounds=150; subsample=0.8; colsample_bytree=0.8; min_child_weight=1"
"pima",10,"knn","k=3"
"pima",10,"logit","dummy=1"
"pima",10,"svm_rbf","cost=10; gamma=1"
"pima",10,"rf","num.trees=500; mtry_frac=0.2; min.node.size=1"
"pima",10,"xgb","max_depth=3; eta=0.03; nrounds=150; subsample=0.8; colsample_bytree=0.8; min_child_weight=1"
"pima",11,"knn","k=3"
"pima",11,"logit","dummy=1"
"pima",11,"svm_rbf","cost=10; gamma=1"
"pima",11,"rf","num.trees=500; mtry_frac=0.2; min.node.size=1"
"pima",11,"xgb","max_depth=3; eta=0.03; nrounds=150; subsample=0.8; colsample_bytree=0.8; min_child_weight=1"
"pima",12,"knn","k=3"
"pima",12,"logit","dummy=1"
"pima",12,"svm_rbf","cost=10; gamma=1"
"pima",12,"rf","num.trees=500; mtry_frac=0.2; min.node.size=1"
"pima",12,"xgb","max_depth=3; eta=0.03; nrounds=150; subsample=0.8; colsample_bytree=0.8; min_child_weight=1"
"pima",13,"knn","k=3"
"pima",13,"logit","dummy=1"
"pima",13,"svm_rbf","cost=10; gamma=1"
"pima",13,"rf","num.trees=500; mtry_frac=0.2; min.node.size=1"
"pima",13,"xgb","max_depth=3; eta=0.03; nrounds=150; subsample=0.8; colsample_bytree=0.8; min_child_weight=1"
"pima",14,"knn","k=3"
"pima",14,"logit","dummy=1"
"pima",14,"svm_rbf","cost=10; gamma=1"
"pima",14,"rf","num.trees=500; mtry_frac=0.2; min.node.size=1"
"pima",14,"xgb","max_depth=3; eta=0.03; nrounds=150; subsample=0.8; colsample_bytree=0.8; min_child_weight=1"
"pima",15,"knn","k=3"
"pima",15,"logit","dummy=1"
"pima",15,"svm_rbf","cost=10; gamma=1"
"pima",15,"rf","num.trees=500; mtry_frac=0.2; min.node.size=1"
"pima",15,"xgb","max_depth=3; eta=0.03; nrounds=150; subsample=0.8; colsample_bytree=0.8; min_child_weight=1"
"pima",16,"knn","k=3"
"pima",16,"logit","dummy=1"
"pima",16,"svm_rbf","cost=10; gamma=1"
"pima",16,"rf","num.trees=500; mtry_frac=0.2; min.node.size=1"
"pima",16,"xgb","max_depth=3; eta=0.03; nrounds=150; subsample=0.8; colsample_bytree=0.8; min_child_weight=1"
"pima",17,"knn","k=3"
"pima",17,"logit","dummy=1"
"pima",17,"svm_rbf","cost=10; gamma=1"
"pima",17,"rf","num.trees=500; mtry_frac=0.2; min.node.size=1"
"pima",17,"xgb","max_depth=3; eta=0.03; nrounds=150; subsample=0.8; colsample_bytree=0.8; min_child_weight=1"
"pima",18,"knn","k=3"
"pima",18,"logit","dummy=1"
"pima",18,"svm_rbf","cost=10; gamma=1"
"pima",18,"rf","num.trees=500; mtry_frac=0.2; min.node.size=1"
"pima",18,"xgb","max_depth=3; eta=0.03; nrounds=150; subsample=0.8; colsample_bytree=0.8; min_child_weight=1"
"pima",19,"knn","k=3"
"pima",19,"logit","dummy=1"
"pima",19,"svm_rbf","cost=10; gamma=1"
"pima",19,"rf","num.trees=500; mtry_frac=0.2; min.node.size=1"
"pima",19,"xgb","max_depth=3; eta=0.03; nrounds=150; subsample=0.8; colsample_bytree=0.8; min_child_weight=1"
"pima",20,"knn","k=3"
"pima",20,"logit","dummy=1"
"pima",20,"svm_rbf","cost=10; gamma=1"
"pima",20,"rf","num.trees=500; mtry_frac=0.2; min.node.size=1"
"pima",20,"xgb","max_depth=3; eta=0.03; nrounds=150; subsample=0.8; colsample_bytree=0.8; min_child_weight=1"
"pima",21,"knn","k=3"
"pima",21,"logit","dummy=1"
"pima",21,"svm_rbf","cost=10; gamma=1"
"pima",21,"rf","num.trees=500; mtry_frac=0.2; min.node.size=1"
"pima",21,"xgb","max_depth=3; eta=0.03; nrounds=150; subsample=0.8; colsample_bytree=0.8; min_child_weight=1"
"pima",22,"knn","k=3"
"pima",22,"logit","dummy=1"
"pima",22,"svm_rbf","cost=10; gamma=1"
"pima",22,"rf","num.trees=500; mtry_frac=0.2; min.node.size=1"
"pima",22,"xgb","max_depth=3; eta=0.03; nrounds=150; subsample=0.8; colsample_bytree=0.8; min_child_weight=1"
"pima",23,"knn","k=3"
"pima",23,"logit","dummy=1"
"pima",23,"svm_rbf","cost=10; gamma=1"
"pima",23,"rf","num.trees=500; mtry_frac=0.2; min.node.size=1"
"pima",23,"xgb","max_depth=3; eta=0.03; nrounds=150; subsample=0.8; colsample_bytree=0.8; min_child_weight=1"
"pima",24,"knn","k=3"
"pima",24,"logit","dummy=1"
"pima",24,"svm_rbf","cost=10; gamma=1"
"pima",24,"rf","num.trees=500; mtry_frac=0.2; min.node.size=1"
"pima",24,"xgb","max_depth=3; eta=0.03; nrounds=150; subsample=0.8; colsample_bytree=0.8; min_child_weight=1"
"pima",25,"knn","k=3"
"pima",25,"logit","dummy=1"
"pima",25,"svm_rbf","cost=10; gamma=1"
"pima",25,"rf","num.trees=500; mtry_frac=0.2; min.node.size=1"
"pima",25,"xgb","max_depth=3; eta=0.03; nrounds=150; subsample=0.8; colsample_bytree=0.8; min_child_weight=1"
"glass4",1,"knn","k=3"
"glass4",1,"logit","dummy=1"
"glass4",1,"svm_rbf","cost=0.1; gamma=0.01"
"glass4",1,"rf","num.trees=500; mtry_frac=0.2; min.node.size=1"
"glass4",1,"xgb","max_depth=3; eta=0.03; nrounds=150; subsample=0.8; colsample_bytree=0.8; min_child_weight=1"
"glass4",2,"knn","k=3"
"glass4",2,"logit","dummy=1"
"glass4",2,"svm_rbf","cost=0.1; gamma=0.01"
"glass4",2,"rf","num.trees=500; mtry_frac=0.2; min.node.size=1"
"glass4",2,"xgb","max_depth=3; eta=0.03; nrounds=150; subsample=0.8; colsample_bytree=0.8; min_child_weight=1"
"glass4",3,"knn","k=3"
"glass4",3,"logit","dummy=1"
"glass4",3,"svm_rbf","cost=0.1; gamma=0.01"
"glass4",3,"rf","num.trees=500; mtry_frac=0.2; min.node.size=1"
"glass4",3,"xgb","max_depth=3; eta=0.03; nrounds=150; subsample=0.8; colsample_bytree=0.8; min_child_weight=1"
"glass4",4,"knn","k=3"
"glass4",4,"logit","dummy=1"
"glass4",4,"svm_rbf","cost=0.1; gamma=0.01"
"glass4",4,"rf","num.trees=500; mtry_frac=0.2; min.node.size=1"
"glass4",4,"xgb","max_depth=3; eta=0.03; nrounds=150; subsample=0.8; colsample_bytree=0.8; min_child_weight=1"
"glass4",5,"knn","k=3"
"glass4",5,"logit","dummy=1"
"glass4",5,"svm_rbf","cost=0.1; gamma=0.01"
"glass4",5,"rf","num.trees=500; mtry_frac=0.2; min.node.size=1"
"glass4",5,"xgb","max_depth=3; eta=0.03; nrounds=150; subsample=0.8; colsample_bytree=0.8; min_child_weight=1"
"glass4",6,"knn","k=3"
"glass4",6,"logit","dummy=1"
"glass4",6,"svm_rbf","cost=0.1; gamma=0.01"
"glass4",6,"rf","num.trees=500; mtry_frac=0.2; min.node.size=1"
"glass4",6,"xgb","max_depth=3; eta=0.03; nrounds=150; subsample=0.8; colsample_bytree=0.8; min_child_weight=1"
"glass4",7,"knn","k=3"
"glass4",7,"logit","dummy=1"
"glass4",7,"svm_rbf","cost=0.1; gamma=0.01"
"glass4",7,"rf","num.trees=500; mtry_frac=0.2; min.node.size=1"
"glass4",7,"xgb","max_depth=3; eta=0.03; nrounds=150; subsample=0.8; colsample_bytree=0.8; min_child_weight=1"
"glass4",8,"knn","k=3"
"glass4",8,"logit","dummy=1"
"glass4",8,"svm_rbf","cost=0.1; gamma=0.01"
"glass4",8,"rf","num.trees=500; mtry_frac=0.2; min.node.size=1"
"glass4",8,"xgb","max_depth=3; eta=0.03; nrounds=150; subsample=0.8; colsample_bytree=0.8; min_child_weight=1"
"glass4",9,"knn","k=3"
"glass4",9,"logit","dummy=1"
"glass4",9,"svm_rbf","cost=0.1; gamma=0.01"
"glass4",9,"rf","num.trees=500; mtry_frac=0.2; min.node.size=1"
"glass4",9,"xgb","max_depth=3; eta=0.03; nrounds=150; subsample=0.8; colsample_bytree=0.8; min_child_weight=1"
"glass4",10,"knn","k=3"
"glass4",10,"logit","dummy=1"
"glass4",10,"svm_rbf","cost=0.1; gamma=0.01"
"glass4",10,"rf","num.trees=500; mtry_frac=0.2; min.node.size=1"
"glass4",10,"xgb","max_depth=3; eta=0.03; nrounds=150; subsample=0.8; colsample_bytree=0.8; min_child_weight=1"
"glass4",11,"knn","k=3"
"glass4",11,"logit","dummy=1"
"glass4",11,"svm_rbf","cost=0.1; gamma=0.01"
"glass4",11,"rf","num.trees=500; mtry_frac=0.2; min.node.size=1"
"glass4",11,"xgb","max_depth=3; eta=0.03; nrounds=150; subsample=0.8; colsample_bytree=0.8; min_child_weight=1"
"glass4",12,"knn","k=3"
"glass4",12,"logit","dummy=1"
"glass4",12,"svm_rbf","cost=0.1; gamma=0.01"
"glass4",12,"rf","num.trees=500; mtry_frac=0.2; min.node.size=1"
"glass4",12,"xgb","max_depth=3; eta=0.03; nrounds=150; subsample=0.8; colsample_bytree=0.8; min_child_weight=1"
"glass4",13,"knn","k=3"
"glass4",13,"logit","dummy=1"
"glass4",13,"svm_rbf","cost=0.1; gamma=0.01"
"glass4",13,"rf","num.trees=500; mtry_frac=0.2; min.node.size=1"
"glass4",13,"xgb","max_depth=3; eta=0.03; nrounds=150; subsample=0.8; colsample_bytree=0.8; min_child_weight=1"
"glass4",14,"knn","k=3"
"glass4",14,"logit","dummy=1"
"glass4",14,"svm_rbf","cost=0.1; gamma=0.01"
"glass4",14,"rf","num.trees=500; mtry_frac=0.2; min.node.size=1"
"glass4",14,"xgb","max_depth=3; eta=0.03; nrounds=150; subsample=0.8; colsample_bytree=0.8; min_child_weight=1"
"glass4",15,"knn","k=3"
"glass4",15,"logit","dummy=1"
"glass4",15,"svm_rbf","cost=0.1; gamma=0.01"
"glass4",15,"rf","num.trees=500; mtry_frac=0.2; min.node.size=1"
"glass4",15,"xgb","max_depth=3; eta=0.03; nrounds=150; subsample=0.8; colsample_bytree=0.8; min_child_weight=1"
"glass4",16,"knn","k=3"
"glass4",16,"logit","dummy=1"
"glass4",16,"svm_rbf","cost=0.1; gamma=0.01"
"glass4",16,"rf","num.trees=500; mtry_frac=0.2; min.node.size=1"
"glass4",16,"xgb","max_depth=3; eta=0.03; nrounds=150; subsample=0.8; colsample_bytree=0.8; min_child_weight=1"
"glass4",17,"knn","k=3"
"glass4",17,"logit","dummy=1"
"glass4",17,"svm_rbf","cost=0.1; gamma=0.01"
"glass4",17,"rf","num.trees=500; mtry_frac=0.2; min.node.size=1"
"glass4",17,"xgb","max_depth=3; eta=0.03; nrounds=150; subsample=0.8; colsample_bytree=0.8; min_child_weight=1"
"glass4",18,"knn","k=3"
"glass4",18,"logit","dummy=1"
"glass4",18,"svm_rbf","cost=0.1; gamma=0.01"
"glass4",18,"rf","num.trees=500; mtry_frac=0.2; min.node.size=1"
"glass4",18,"xgb","max_depth=3; eta=0.03; nrounds=150; subsample=0.8; colsample_bytree=0.8; min_child_weight=1"
"glass4",19,"knn","k=3"
"glass4",19,"logit","dummy=1"
"glass4",19,"svm_rbf","cost=0.1; gamma=0.01"
"glass4",19,"rf","num.trees=500; mtry_frac=0.2; min.node.size=1"
"glass4",19,"xgb","max_depth=3; eta=0.03; nrounds=150; subsample=0.8; colsample_bytree=0.8; min_child_weight=1"
"glass4",20,"knn","k=3"
"glass4",20,"logit","dummy=1"
"glass4",20,"svm_rbf","cost=0.1; gamma=0.01"
"glass4",20,"rf","num.trees=500; mtry_frac=0.2; min.node.size=1"
"glass4",20,"xgb","max_depth=3; eta=0.03; nrounds=150; subsample=0.8; colsample_bytree=0.8; min_child_weight=1"
"glass4",21,"knn","k=3"
"glass4",21,"logit","dummy=1"
"glass4",21,"svm_rbf","cost=0.1; gamma=0.01"
"glass4",21,"rf","num.trees=500; mtry_frac=0.2; min.node.size=1"
"glass4",21,"xgb","max_depth=3; eta=0.03; nrounds=150; subsample=0.8; colsample_bytree=0.8; min_child_weight=1"
"glass4",22,"knn","k=3"
"glass4",22,"logit","dummy=1"
"glass4",22,"svm_rbf","cost=0.1; gamma=0.01"
"glass4",22,"rf","num.trees=500; mtry_frac=0.2; min.node.size=1"
"glass4",22,"xgb","max_depth=3; eta=0.03; nrounds=150; subsample=0.8; colsample_bytree=0.8; min_child_weight=1"
"glass4",23,"knn","k=3"
"glass4",23,"logit","dummy=1"
"glass4",23,"svm_rbf","cost=0.1; gamma=0.01"
"glass4",23,"rf","num.trees=500; mtry_frac=0.2; min.node.size=1"
"glass4",23,"xgb","max_depth=3; eta=0.03; nrounds=150; subsample=0.8; colsample_bytree=0.8; min_child_weight=1"
"glass4",24,"knn","k=3"
"glass4",24,"logit","dummy=1"
"glass4",24,"svm_rbf","cost=0.1; gamma=0.01"
"glass4",24,"rf","num.trees=500; mtry_frac=0.2; min.node.size=1"
"glass4",24,"xgb","max_depth=3; eta=0.03; nrounds=150; subsample=0.8; colsample_bytree=0.8; min_child_weight=1"
"glass4",25,"knn","k=3"
"glass4",25,"logit","dummy=1"
"glass4",25,"svm_rbf","cost=0.1; gamma=0.01"
"glass4",25,"rf","num.trees=500; mtry_frac=0.2; min.node.size=1"
"glass4",25,"xgb","max_depth=3; eta=0.03; nrounds=150; subsample=0.8; colsample_bytree=0.8; min_child_weight=1"
