"dataset","alpha","beta","k_smote","k_enn","primary_metric"
"attrition",0.25,0,3,3,0.686971656847003
"attrition",0.25,0,3,5,0.686797769243388
"attrition",0.25,0,3,7,0.690203919371305
"attrition",0.25,0,5,3,0.680615427138942
"attrition",0.25,0,5,5,0.688132938400375
"attrition",0.25,0,5,7,0.686895908153549
"attrition",0.25,0,7,3,0.712151482452448
"attrition",0.25,0,7,5,0.702686640830348
"attrition",0.25,0,7,7,0.679135068470537
"attrition",0.25,0.05,3,3,0.691100774505752
"attrition",0.25,0.05,3,5,0.665904981484857
"attrition",0.25,0.05,3,7,0.680511346575447
"attrition",0.25,0.05,5,3,0.710308897648021
"attrition",0.25,0.05,5,5,0.694214177746119
"attrition",0.25,0.05,5,7,0.688447987465005
"attrition",0.25,0.05,7,3,0.701209845952984
"attrition",0.25,0.05,7,5,0.70074793409578
"attrition",0.25,0.05,7,7,0.697130835136613
"attrition",0.25,0.1,3,3,0.692991832143698
"attrition",0.25,0.1,3,5,0.686034349338968
"attrition",0.25,0.1,3,7,0.679923347908636
"attrition",0.25,0.1,5,3,0.714502487161166
"attrition",0.25,0.1,5,5,0.701049709280222
"attrition",0.25,0.1,5,7,0.683355396204507
"attrition",0.25,0.1,7,3,0.690055398742689
"attrition",0.25,0.1,7,5,0.709682797534534
"attrition",0.25,0.1,7,7,0.681707603243658
"attrition",0.25,0.15,3,3,0.688729626946766
"attrition",0.25,0.15,3,5,0.665471442675564
"attrition",0.25,0.15,3,7,0.679497596852708
"attrition",0.25,0.15,5,3,0.711241357087072
"attrition",0.25,0.15,5,5,0.685817832846261
"attrition",0.25,0.15,5,7,0.691024163867912
"attrition",0.25,0.15,7,3,0.716366991184392
"attrition",0.25,0.15,7,5,0.687806019023646
"attrition",0.25,0.15,7,7,0.684552440511867
"attrition",0.25,0.2,3,3,0.706005575460707
"attrition",0.25,0.2,3,5,0.691908486753425
"attrition",0.25,0.2,3,7,0.686534587992465
"attrition",0.25,0.2,5,3,0.696733081689676
"attrition",0.25,0.2,5,5,0.689180389421736
"attrition",0.25,0.2,5,7,0.694015051814192
"attrition",0.25,0.2,7,3,0.713748212796573
"attrition",0.25,0.2,7,5,0.698547524417718
"attrition",0.25,0.2,7,7,0.690190180676698
"attrition",0.25,0.25,3,3,0.690431033319572
"attrition",0.25,0.25,3,5,0.68477787751435
"attrition",0.25,0.25,3,7,0.684715892885418
"attrition",0.25,0.25,5,3,0.701695936947498
"attrition",0.25,0.25,5,5,0.690937535790499
"attrition",0.25,0.25,5,7,0.695396793360333
"attrition",0.25,0.25,7,3,0.702245609625215
"attrition",0.25,0.25,7,5,0.686971525905962
"attrition",0.25,0.25,7,7,0.689168017677638
"attrition",0.5,0,3,3,0.656453323935649
"attrition",0.5,0,3,5,0.664328509119845
"attrition",0.5,0,3,7,0.670727040497036
"attrition",0.5,0,5,3,0.684247654883999
"attrition",0.5,0,5,5,0.692196277653809
"attrition",0.5,0,5,7,0.700153250482528
"attrition",0.5,0,7,3,0.701709644312575
"attrition",0.5,0,7,5,0.695987293771115
"attrition",0.5,0,7,7,0.705000565064752
"attrition",0.5,0.05,3,3,0.66216745217715
"attrition",0.5,0.05,3,5,0.671939383763515
"attrition",0.5,0.05,3,7,0.692721880116681
"attrition",0.5,0.05,5,3,0.679917133841201
"attrition",0.5,0.05,5,5,0.677082492885297
"attrition",0.5,0.05,5,7,0.673508523341747
"attrition",0.5,0.05,7,3,0.691228841634623
"attrition",0.5,0.05,7,5,0.696306331992675
"attrition",0.5,0.05,7,7,0.701256330810288
"attrition",0.5,0.1,3,3,0.657038461452146
"attrition",0.5,0.1,3,5,0.671328045043436
"attrition",0.5,0.1,3,7,0.67681316336619
"attrition",0.5,0.1,5,3,0.682264179634218
"attrition",0.5,0.1,5,5,0.684568929802575
"attrition",0.5,0.1,5,7,0.692415867772017
"attrition",0.5,0.1,7,3,0.689595629505968
"attrition",0.5,0.1,7,5,0.696481842702082
"attrition",0.5,0.1,7,7,0.69388500675149
"attrition",0.5,0.15,3,3,0.654257180769088
"attrition",0.5,0.15,3,5,0.675420377804061
"attrition",0.5,0.15,3,7,0.680926393395524
"attrition",0.5,0.15,5,3,0.69265004677642
"attrition",0.5,0.15,5,5,0.67881835138574
"attrition",0.5,0.15,5,7,0.688766149799056
"attrition",0.5,0.15,7,3,0.67171055505835
"attrition",0.5,0.15,7,5,0.69598340647903
"attrition",0.5,0.15,7,7,0.68381775950592
"attrition",0.5,0.2,3,3,0.660731356025153
"attrition",0.5,0.2,3,5,0.671052926564054
"attrition",0.5,0.2,3,7,0.663017529522468
"attrition",0.5,0.2,5,3,0.693866945015986
"attrition",0.5,0.2,5,5,0.691160569975166
"attrition",0.5,0.2,5,7,0.687116421592084
"attrition",0.5,0.2,7,3,0.688982590790982
"attrition",0.5,0.2,7,5,0.678669956558343
"attrition",0.5,0.2,7,7,0.691687230222489
"attrition",0.5,0.25,3,3,0.671578465886565
"attrition",0.5,0.25,3,5,0.676375247978112
"attrition",0.5,0.25,3,7,0.681349933243043
"attrition",0.5,0.25,5,3,0.689634897769598
"attrition",0.5,0.25,5,5,0.694926146916164
"attrition",0.5,0.25,5,7,0.687446635283021
"attrition",0.5,0.25,7,3,0.691857642104371
"attrition",0.5,0.25,7,5,0.696217540209576
"attrition",0.5,0.25,7,7,0.687765451570101
"attrition",0.75,0,3,3,0.608733695916193
"attrition",0.75,0,3,5,0.623864110841499
"attrition",0.75,0,3,7,0.60522888236185
"attrition",0.75,0,5,3,0.611026063886208
"attrition",0.75,0,5,5,0.627552286006796
"attrition",0.75,0,5,7,0.614921179348703
"attrition",0.75,0,7,3,0.598109174530139
"attrition",0.75,0,7,5,0.62446427019115
"attrition",0.75,0,7,7,0.608451494776901
"attrition",0.75,0.05,3,3,0.61213711625898
"attrition",0.75,0.05,3,5,0.620786792456372
"attrition",0.75,0.05,3,7,0.606941157854095
"attrition",0.75,0.05,5,3,0.615676613815302
"attrition",0.75,0.05,5,5,0.638475715166635
"attrition",0.75,0.05,5,7,0.611991473589912
"attrition",0.75,0.05,7,3,0.600577257021097
"attrition",0.75,0.05,7,5,0.624932598410883
"attrition",0.75,0.05,7,7,0.617698894819379
"attrition",0.75,0.1,3,3,0.605218544394679
"attrition",0.75,0.1,3,5,0.623526892644986
"attrition",0.75,0.1,3,7,0.61679828519141
"attrition",0.75,0.1,5,3,0.61134750020637
"attrition",0.75,0.1,5,5,0.624492197662274
"attrition",0.75,0.1,5,7,0.619486231942154
"attrition",0.75,0.1,7,3,0.610413221176083
"attrition",0.75,0.1,7,5,0.625334828906104
"attrition",0.75,0.1,7,7,0.610978768820008
"attrition",0.75,0.15,3,3,0.604829319033597
"attrition",0.75,0.15,3,5,0.623023549448568
"attrition",0.75,0.15,3,7,0.605912658982508
"attrition",0.75,0.15,5,3,0.606535797842375
"attrition",0.75,0.15,5,5,0.630322840902409
"attrition",0.75,0.15,5,7,0.617679045188044
"attrition",0.75,0.15,7,3,0.610167659519236
"attrition",0.75,0.15,7,5,0.61887326540617
"attrition",0.75,0.15,7,7,0.612884661756905
"attrition",0.75,0.2,3,3,0.613921901909629
"attrition",0.75,0.2,3,5,0.62684605760994
"attrition",0.75,0.2,3,7,0.609835947480715
"attrition",0.75,0.2,5,3,0.616443109893977
"attrition",0.75,0.2,5,5,0.637600763922564
"attrition",0.75,0.2,5,7,0.607169943642648
"attrition",0.75,0.2,7,3,0.604061557498142
"attrition",0.75,0.2,7,5,0.629341368034913
"attrition",0.75,0.2,7,7,0.611126699831035
"attrition",0.75,0.25,3,3,0.616500705846544
"attrition",0.75,0.25,3,5,0.618506495515474
"attrition",0.75,0.25,3,7,0.621258413970138
"attrition",0.75,0.25,5,3,0.609164312110802
"attrition",0.75,0.25,5,5,0.621927489345131
"attrition",0.75,0.25,5,7,0.608418348239705
"attrition",0.75,0.25,7,3,0.616938511312383
"attrition",0.75,0.25,7,5,0.628288564186869
"attrition",0.75,0.25,7,7,0.601736251795751
"attrition",1,0,3,3,0.563629106518726
"attrition",1,0,3,5,0.584516341567587
"attrition",1,0,3,7,0.554090753795535
"attrition",1,0,5,3,0.559627367928031
"attrition",1,0,5,5,0.586013044407712
"attrition",1,0,5,7,0.557505983986181
"attrition",1,0,7,3,0.550714917287094
"attrition",1,0,7,5,0.568542116595315
"attrition",1,0,7,7,0.552654491435268
"attrition",1,0.05,3,3,0.557088283589295
"attrition",1,0.05,3,5,0.578359811497282
"attrition",1,0.05,3,7,0.555084591246888
"attrition",1,0.05,5,3,0.556447226364839
"attrition",1,0.05,5,5,0.569311344992832
"attrition",1,0.05,5,7,0.558117303397601
"attrition",1,0.05,7,3,0.550955933146801
"attrition",1,0.05,7,5,0.571914270025378
"attrition",1,0.05,7,7,0.541731719184378
"attrition",1,0.1,3,3,0.559946282908149
"attrition",1,0.1,3,5,0.580514490131353
"attrition",1,0.1,3,7,0.557285795784199
"attrition",1,0.1,5,3,0.557169464160359
"attrition",1,0.1,5,5,0.5797394482741
"attrition",1,0.1,5,7,0.556744627332425
"attrition",1,0.1,7,3,0.54538976465135
"attrition",1,0.1,7,5,0.573784361772358
"attrition",1,0.1,7,7,0.543338016116122
"attrition",1,0.15,3,3,0.556227020635827
"attrition",1,0.15,3,5,0.577658592359679
"attrition",1,0.15,3,7,0.55048074213683
"attrition",1,0.15,5,3,0.550676702108107
"attrition",1,0.15,5,5,0.580978638691132
"attrition",1,0.15,5,7,0.553556384396809
"attrition",1,0.15,7,3,0.550331169399987
"attrition",1,0.15,7,5,0.573879575116829
"attrition",1,0.15,7,7,0.5429830203786
"attrition",1,0.2,3,3,0.554694295934155
"attrition",1,0.2,3,5,0.581006403620823
"attrition",1,0.2,3,7,0.553163615443364
"attrition",1,0.2,5,3,0.551949688703761
"attrition",1,0.2,5,5,0.572972452944369
"attrition",1,0.2,5,7,0.555489542885576
"attrition",1,0.2,7,3,0.547383561493405
"attrition",1,0.2,7,5,0.571265583910895
"attrition",1,0.2,7,7,0.552881932290015
"attrition",1,0.25,3,3,0.556578835897771
"attrition",1,0.25,3,5,0.586991527309732
"attrition",1,0.25,3,7,0.553159747922225
"attrition",1,0.25,5,3,0.556829809320567
"attrition",1,0.25,5,5,0.584844832388683
"attrition",1,0.25,5,7,0.556369479660255
"attrition",1,0.25,7,3,0.553608834095658
"attrition",1,0.25,7,5,0.575465056653643
"attrition",1,0.25,7,7,0.548481342768819
"credit_data",0.25,0,3,3,0.69544459195778
"credit_data",0.25,0,3,5,0.694697382162292
"credit_data",0.25,0,3,7,0.69906932922554
"credit_data",0.25,0,5,3,0.69544459195778
"credit_data",0.25,0,5,5,0.694697382162292
"credit_data",0.25,0,5,7,0.69906932922554
"credit_data",0.25,0,7,3,0.69544459195778
"credit_data",0.25,0,7,5,0.694697382162292
"credit_data",0.25,0,7,7,0.69906932922554
"credit_data",0.25,0.05,3,3,0.69544459195778
"credit_data",0.25,0.05,3,5,0.694697382162292
"credit_data",0.25,0.05,3,7,0.69906932922554
"credit_data",0.25,0.05,5,3,0.69544459195778
"credit_data",0.25,0.05,5,5,0.694697382162292
"credit_data",0.25,0.05,5,7,0.69906932922554
"credit_data",0.25,0.05,7,3,0.69544459195778
"credit_data",0.25,0.05,7,5,0.694697382162292
"credit_data",0.25,0.05,7,7,0.69906932922554
"credit_data",0.25,0.1,3,3,0.69544459195778
"credit_data",0.25,0.1,3,5,0.694697382162292
"credit_data",0.25,0.1,3,7,0.69906932922554
"credit_data",0.25,0.1,5,3,0.69544459195778
"credit_data",0.25,0.1,5,5,0.694697382162292
"credit_data",0.25,0.1,5,7,0.69906932922554
"credit_data",0.25,0.1,7,3,0.69544459195778
"credit_data",0.25,0.1,7,5,0.694697382162292
"credit_data",0.25,0.1,7,7,0.69906932922554
"credit_data",0.25,0.15,3,3,0.69544459195778
"credit_data",0.25,0.15,3,5,0.694697382162292
"credit_data",0.25,0.15,3,7,0.69906932922554
"credit_data",0.25,0.15,5,3,0.69544459195778
"credit_data",0.25,0.15,5,5,0.694697382162292
"credit_data",0.25,0.15,5,7,0.69906932922554
"credit_data",0.25,0.15,7,3,0.69544459195778
"credit_data",0.25,0.15,7,5,0.694697382162292
"credit_data",0.25,0.15,7,7,0.69906932922554
"credit_data",0.25,0.2,3,3,0.69544459195778
"credit_data",0.25,0.2,3,5,0.694697382162292
"credit_data",0.25,0.2,3,7,0.69906932922554
"credit_data",0.25,0.2,5,3,0.69544459195778
"credit_data",0.25,0.2,5,5,0.694697382162292
"credit_data",0.25,0.2,5,7,0.69906932922554
"credit_data",0.25,0.2,7,3,0.69544459195778
"credit_data",0.25,0.2,7,5,0.694697382162292
"credit_data",0.25,0.2,7,7,0.69906932922554
"credit_data",0.25,0.25,3,3,0.69544459195778
"credit_data",0.25,0.25,3,5,0.694697382162292
"credit_data",0.25,0.25,3,7,0.69906932922554
"credit_data",0.25,0.25,5,3,0.69544459195778
"credit_data",0.25,0.25,5,5,0.694697382162292
"credit_data",0.25,0.25,5,7,0.69906932922554
"credit_data",0.25,0.25,7,3,0.69544459195778
"credit_data",0.25,0.25,7,5,0.694697382162292
"credit_data",0.25,0.25,7,7,0.69906932922554
"credit_data",0.5,0,3,3,0.689384433779743
"credit_data",0.5,0,3,5,0.701284549236208
"credit_data",0.5,0,3,7,0.69586405657223
"credit_data",0.5,0,5,3,0.690923540100495
"credit_data",0.5,0,5,5,0.702567862496602
"credit_data",0.5,0,5,7,0.696286497017274
"credit_data",0.5,0,7,3,0.688649307226997
"credit_data",0.5,0,7,5,0.704196665051419
"credit_data",0.5,0,7,7,0.698472169606901
"credit_data",0.5,0.05,3,3,0.69010666834929
"credit_data",0.5,0.05,3,5,0.698974460791633
"credit_data",0.5,0.05,3,7,0.697595366975202
"credit_data",0.5,0.05,5,3,0.686168396395988
"credit_data",0.5,0.05,5,5,0.699059137616561
"credit_data",0.5,0.05,5,7,0.699708079050186
"credit_data",0.5,0.05,7,3,0.690079838587129
"credit_data",0.5,0.05,7,5,0.704122676568199
"credit_data",0.5,0.05,7,7,0.695449255351878
"credit_data",0.5,0.1,3,3,0.689992526176579
"credit_data",0.5,0.1,3,5,0.697133913218311
"credit_data",0.5,0.1,3,7,0.696004515323412
"credit_data",0.5,0.1,5,3,0.691144685581078
"credit_data",0.5,0.1,5,5,0.697443179696502
"credit_data",0.5,0.1,5,7,0.690341601124648
"credit_data",0.5,0.1,7,3,0.69218025272579
"credit_data",0.5,0.1,7,5,0.704557551896581
"credit_data",0.5,0.1,7,7,0.698868554923323
"credit_data",0.5,0.15,3,3,0.688665440004962
"credit_data",0.5,0.15,3,5,0.699424119402997
"credit_data",0.5,0.15,3,7,0.691102058811424
"credit_data",0.5,0.15,5,3,0.689965183865741
"credit_data",0.5,0.15,5,5,0.695105852673542
"credit_data",0.5,0.15,5,7,0.691905088504966
"credit_data",0.5,0.15,7,3,0.688259179160004
"credit_data",0.5,0.15,7,5,0.697484551838845
"credit_data",0.5,0.15,7,7,0.695536411861197
"credit_data",0.5,0.2,3,3,0.689924081071527
"credit_data",0.5,0.2,3,5,0.702791193501953
"credit_data",0.5,0.2,3,7,0.695639447459813
"credit_data",0.5,0.2,5,3,0.686359444605983
"credit_data",0.5,0.2,5,5,0.69619103597757
"credit_data",0.5,0.2,5,7,0.696865754875291
"credit_data",0.5,0.2,7,3,0.688194357534411
"credit_data",0.5,0.2,7,5,0.700172682325651
"credit_data",0.5,0.2,7,7,0.696969992338556
"credit_data",0.5,0.25,3,3,0.689335541815879
"credit_data",0.5,0.25,3,5,0.696191185366394
"credit_data",0.5,0.25,3,7,0.695388350291768
"credit_data",0.5,0.25,5,3,0.690449445915389
"credit_data",0.5,0.25,5,5,0.698479277570564
"credit_data",0.5,0.25,5,7,0.693553749204069
"credit_data",0.5,0.25,7,3,0.686640061662427
"credit_data",0.5,0.25,7,5,0.702465150290253
"credit_data",0.5,0.25,7,7,0.696433042571003
"credit_data",0.75,0,3,3,0.707552499953086
"credit_data",0.75,0,3,5,0.720711522810169
"credit_data",0.75,0,3,7,0.709828300961082
"credit_data",0.75,0,5,3,0.71865574456608
"credit_data",0.75,0,5,5,0.727240023224098
"credit_data",0.75,0,5,7,0.716274713883493
"credit_data",0.75,0,7,3,0.712949586538223
"credit_data",0.75,0,7,5,0.730353853246437
"credit_data",0.75,0,7,7,0.716026334939642
"credit_data",0.75,0.05,3,3,0.709514816628304
"credit_data",0.75,0.05,3,5,0.71837001844172
"credit_data",0.75,0.05,3,7,0.709615695752079
"credit_data",0.75,0.05,5,3,0.716452494441759
"credit_data",0.75,0.05,5,5,0.727859923851514
"credit_data",0.75,0.05,5,7,0.716491676220236
"credit_data",0.75,0.05,7,3,0.71504322944347
"credit_data",0.75,0.05,7,5,0.73078023452715
"credit_data",0.75,0.05,7,7,0.717138823221277
"credit_data",0.75,0.1,3,3,0.704645835706482
"credit_data",0.75,0.1,3,5,0.723886496405843
"credit_data",0.75,0.1,3,7,0.708997463932483
"credit_data",0.75,0.1,5,3,0.715261276058544
"credit_data",0.75,0.1,5,5,0.729446482438116
"credit_data",0.75,0.1,5,7,0.716509633994785
"credit_data",0.75,0.1,7,3,0.710703537439137
"credit_data",0.75,0.1,7,5,0.727008908312246
"credit_data",0.75,0.1,7,7,0.714772099720372
"credit_data",0.75,0.15,3,3,0.707780987695507
"credit_data",0.75,0.15,3,5,0.716282968096069
"credit_data",0.75,0.15,3,7,0.706019564261867
"credit_data",0.75,0.15,5,3,0.712838767394822
"credit_data",0.75,0.15,5,5,0.728877223119076
"credit_data",0.75,0.15,5,7,0.714313331428015
"credit_data",0.75,0.15,7,3,0.708954662708051
"credit_data",0.75,0.15,7,5,0.732382406817972
"credit_data",0.75,0.15,7,7,0.719549396758404
"credit_data",0.75,0.2,3,3,0.712124491510938
"credit_data",0.75,0.2,3,5,0.723145676158043
"credit_data",0.75,0.2,3,7,0.703856542430715
"credit_data",0.75,0.2,5,3,0.712192802505572
"credit_data",0.75,0.2,5,5,0.728604606415017
"credit_data",0.75,0.2,5,7,0.716124398640588
"credit_data",0.75,0.2,7,3,0.711677348781467
"credit_data",0.75,0.2,7,5,0.729363268441507
"credit_data",0.75,0.2,7,7,0.716277522403058
"credit_data",0.75,0.25,3,3,0.70839106737551
"credit_data",0.75,0.25,3,5,0.723770352544896
"credit_data",0.75,0.25,3,7,0.707973442023449
"credit_data",0.75,0.25,5,3,0.717801289069875
"credit_data",0.75,0.25,5,5,0.727219485211962
"credit_data",0.75,0.25,5,7,0.71181467861382
"credit_data",0.75,0.25,7,3,0.712097532594851
"credit_data",0.75,0.25,7,5,0.730613759946113
"credit_data",0.75,0.25,7,7,0.716962323121028
"credit_data",1,0,3,3,0.694968252206282
"credit_data",1,0,3,5,0.710266337777803
"credit_data",1,0,3,7,0.677489361249895
"credit_data",1,0,5,3,0.697064682294949
"credit_data",1,0,5,5,0.707175022058418
"credit_data",1,0,5,7,0.682781117328199
"credit_data",1,0,7,3,0.693453080970489
"credit_data",1,0,7,5,0.712978018004576
"credit_data",1,0,7,7,0.680411341661574
"credit_data",1,0.05,3,3,0.695242474864295
"credit_data",1,0.05,3,5,0.707203647787474
"credit_data",1,0.05,3,7,0.675598552293928
"credit_data",1,0.05,5,3,0.698675542720736
"credit_data",1,0.05,5,5,0.715320968961732
"credit_data",1,0.05,5,7,0.678375274069459
"credit_data",1,0.05,7,3,0.693562972697521
"credit_data",1,0.05,7,5,0.715756862750954
"credit_data",1,0.05,7,7,0.686983273988155
"credit_data",1,0.1,3,3,0.692958311890124
"credit_data",1,0.1,3,5,0.704038113873084
"credit_data",1,0.1,3,7,0.678547472111052
"credit_data",1,0.1,5,3,0.694923089658951
"credit_data",1,0.1,5,5,0.710374785807693
"credit_data",1,0.1,5,7,0.686303434476565
"credit_data",1,0.1,7,3,0.699116801772831
"credit_data",1,0.1,7,5,0.713013419436718
"credit_data",1,0.1,7,7,0.684510904701233
"credit_data",1,0.15,3,3,0.698538043666898
"credit_data",1,0.15,3,5,0.708632638047976
"credit_data",1,0.15,3,7,0.673632344789188
"credit_data",1,0.15,5,3,0.699495391801734
"credit_data",1,0.15,5,5,0.712005153193874
"credit_data",1,0.15,5,7,0.683851544925889
"credit_data",1,0.15,7,3,0.695113477129721
"credit_data",1,0.15,7,5,0.717418356973249
"credit_data",1,0.15,7,7,0.680818878722398
"credit_data",1,0.2,3,3,0.693021364959795
"credit_data",1,0.2,3,5,0.712491413338387
"credit_data",1,0.2,3,7,0.679587633755209
"credit_data",1,0.2,5,3,0.695984987129654
"credit_data",1,0.2,5,5,0.712823116920782
"credit_data",1,0.2,5,7,0.682513066360566
"credit_data",1,0.2,7,3,0.698648194145906
"credit_data",1,0.2,7,5,0.71053937167775
"credit_data",1,0.2,7,7,0.683717037483961
"credit_data",1,0.25,3,3,0.694268147539309
"credit_data",1,0.25,3,5,0.71029863414385
"credit_data",1,0.25,3,7,0.677646305015335
"credit_data",1,0.25,5,3,0.700762159911472
"credit_data",1,0.25,5,5,0.711005722175747
"credit_data",1,0.25,5,7,0.684329546586242
"credit_data",1,0.25,7,3,0.698681219237019
"credit_data",1,0.25,7,5,0.712426447394638
"credit_data",1,0.25,7,7,0.682971116543766
"newthyroid1",0.25,0,3,3,1
"newthyroid1",0.25,0,3,5,1
"newthyroid1",0.25,0,3,7,1
"newthyroid1",0.25,0,5,3,1
"newthyroid1",0.25,0,5,5,1
"newthyroid1",0.25,0,5,7,1
"newthyroid1",0.25,0,7,3,1
"newthyroid1",0.25,0,7,5,1
"newthyroid1",0.25,0,7,7,1
"newthyroid1",0.25,0.05,3,3,1
"newthyroid1",0.25,0.05,3,5,1
"newthyroid1",0.25,0.05,3,7,1
"newthyroid1",0.25,0.05,5,3,1
"newthyroid1",0.25,0.05,5,5,1
"newthyroid1",0.25,0.05,5,7,1
"newthyroid1",0.25,0.05,7,3,1
"newthyroid1",0.25,0.05,7,5,1
"newthyroid1",0.25,0.05,7,7,1
"newthyroid1",0.25,0.1,3,3,1
"newthyroid1",0.25,0.1,3,5,1
"newthyroid1",0.25,0.1,3,7,1
"newthyroid1",0.25,0.1,5,3,1
"newthyroid1",0.25,0.1,5,5,1
"newthyroid1",0.25,0.1,5,7,1
"newthyroid1",0.25,0.1,7,3,1
"newthyroid1",0.25,0.1,7,5,1
"newthyroid1",0.25,0.1,7,7,1
"newthyroid1",0.25,0.15,3,3,1
"newthyroid1",0.25,0.15,3,5,1
"newthyroid1",0.25,0.15,3,7,1
"newthyroid1",0.25,0.15,5,3,1
"newthyroid1",0.25,0.15,5,5,1
"newthyroid1",0.25,0.15,5,7,1
"newthyroid1",0.25,0.15,7,3,1
"newthyroid1",0.25,0.15,7,5,1
"newthyroid1",0.25,0.15,7,7,1
"newthyroid1",0.25,0.2,3,3,1
"newthyroid1",0.25,0.2,3,5,1
"newthyroid1",0.25,0.2,3,7,1
"newthyroid1",0.25,0.2,5,3,1
"newthyroid1",0.25,0.2,5,5,1
"newthyroid1",0.25,0.2,5,7,1
"newthyroid1",0.25,0.2,7,3,1
"newthyroid1",0.25,0.2,7,5,1
"newthyroid1",0.25,0.2,7,7,1
"newthyroid1",0.25,0.25,3,3,1
"newthyroid1",0.25,0.25,3,5,1
"newthyroid1",0.25,0.25,3,7,1
"newthyroid1",0.25,0.25,5,3,1
"newthyroid1",0.25,0.25,5,5,1
"newthyroid1",0.25,0.25,5,7,1
"newthyroid1",0.25,0.25,7,3,1
"newthyroid1",0.25,0.25,7,5,1
"newthyroid1",0.25,0.25,7,7,1
"newthyroid1",0.5,0,3,3,1
"newthyroid1",0.5,0,3,5,1
"newthyroid1",0.5,0,3,7,1
"newthyroid1",0.5,0,5,3,1
"newthyroid1",0.5,0,5,5,1
"newthyroid1",0.5,0,5,7,1
"newthyroid1",0.5,0,7,3,1
"newthyroid1",0.5,0,7,5,1
"newthyroid1",0.5,0,7,7,1
"newthyroid1",0.5,0.05,3,3,1
"newthyroid1",0.5,0.05,3,5,1
"newthyroid1",0.5,0.05,3,7,1
"newthyroid1",0.5,0.05,5,3,1
"newthyroid1",0.5,0.05,5,5,1
"newthyroid1",0.5,0.05,5,7,1
"newthyroid1",0.5,0.05,7,3,1
"newthyroid1",0.5,0.05,7,5,1
"newthyroid1",0.5,0.05,7,7,1
"newthyroid1",0.5,0.1,3,3,1
"newthyroid1",0.5,0.1,3,5,1
"newthyroid1",0.5,0.1,3,7,1
"newthyroid1",0.5,0.1,5,3,1
"newthyroid1",0.5,0.1,5,5,1
"newthyroid1",0.5,0.1,5,7,1
"newthyroid1",0.5,0.1,7,3,1
"newthyroid1",0.5,0.1,7,5,1
"newthyroid1",0.5,0.1,7,7,1
"newthyroid1",0.5,0.15,3,3,1
"newthyroid1",0.5,0.15,3,5,1
"newthyroid1",0.5,0.15,3,7,1
"newthyroid1",0.5,0.15,5,3,1
"newthyroid1",0.5,0.15,5,5,1
"newthyroid1",0.5,0.15,5,7,1
"newthyroid1",0.5,0.15,7,3,1
"newthyroid1",0.5,0.15,7,5,1
"newthyroid1",0.5,0.15,7,7,1
"newthyroid1",0.5,0.2,3,3,1
"newthyroid1",0.5,0.2,3,5,1
"newthyroid1",0.5,0.2,3,7,1
"newthyroid1",0.5,0.2,5,3,1
"newthyroid1",0.5,0.2,5,5,1
"newthyroid1",0.5,0.2,5,7,1
"newthyroid1",0.5,0.2,7,3,1
"newthyroid1",0.5,0.2,7,5,1
"newthyroid1",0.5,0.2,7,7,1
"newthyroid1",0.5,0.25,3,3,1
"newthyroid1",0.5,0.25,3,5,1
"newthyroid1",0.5,0.25,3,7,1
"newthyroid1",0.5,0.25,5,3,1
"newthyroid1",0.5,0.25,5,5,1
"newthyroid1",0.5,0.25,5,7,1
"newthyroid1",0.5,0.25,7,3,1
"newthyroid1",0.5,0.25,7,5,1
"newthyroid1",0.5,0.25,7,7,1
"newthyroid1",0.75,0,3,3,1
"newthyroid1",0.75,0,3,5,1
"newthyroid1",0.75,0,3,7,1
"newthyroid1",0.75,0,5,3,1
"newthyroid1",0.75,0,5,5,1
"newthyroid1",0.75,0,5,7,1
"newthyroid1",0.75,0,7,3,1
"newthyroid1",0.75,0,7,5,1
"newthyroid1",0.75,0,7,7,1
"newthyroid1",0.75,0.05,3,3,1
"newthyroid1",0.75,0.05,3,5,1
"newthyroid1",0.75,0.05,3,7,1
"newthyroid1",0.75,0.05,5,3,1
"newthyroid1",0.75,0.05,5,5,1
"newthyroid1",0.75,0.05,5,7,1
"newthyroid1",0.75,0.05,7,3,1
"newthyroid1",0.75,0.05,7,5,1
"newthyroid1",0.75,0.05,7,7,1
"newthyroid1",0.75,0.1,3,3,1
"newthyroid1",0.75,0.1,3,5,1
"newthyroid1",0.75,0.1,3,7,1
"newthyroid1",0.75,0.1,5,3,1
"newthyroid1",0.75,0.1,5,5,1
"newthyroid1",0.75,0.1,5,7,1
"newthyroid1",0.75,0.1,7,3,1
"newthyroid1",0.75,0.1,7,5,1
"newthyroid1",0.75,0.1,7,7,1
"newthyroid1",0.75,0.15,3,3,1
"newthyroid1",0.75,0.15,3,5,1
"newthyroid1",0.75,0.15,3,7,1
"newthyroid1",0.75,0.15,5,3,1
"newthyroid1",0.75,0.15,5,5,1
"newthyroid1",0.75,0.15,5,7,1
"newthyroid1",0.75,0.15,7,3,1
"newthyroid1",0.75,0.15,7,5,1
"newthyroid1",0.75,0.15,7,7,1
"newthyroid1",0.75,0.2,3,3,1
"newthyroid1",0.75,0.2,3,5,1
"newthyroid1",0.75,0.2,3,7,1
"newthyroid1",0.75,0.2,5,3,1
"newthyroid1",0.75,0.2,5,5,1
"newthyroid1",0.75,0.2,5,7,1
"newthyroid1",0.75,0.2,7,3,1
"newthyroid1",0.75,0.2,7,5,1
"newthyroid1",0.75,0.2,7,7,1
"newthyroid1",0.75,0.25,3,3,1
"newthyroid1",0.75,0.25,3,5,1
"newthyroid1",0.75,0.25,3,7,1
"newthyroid1",0.75,0.25,5,3,1
"newthyroid1",0.75,0.25,5,5,1
"newthyroid1",0.75,0.25,5,7,1
"newthyroid1",0.75,0.25,7,3,1
"newthyroid1",0.75,0.25,7,5,1
"newthyroid1",0.75,0.25,7,7,1
"newthyroid1",1,0,3,3,1
"newthyroid1",1,0,3,5,1
"newthyroid1",1,0,3,7,1
"newthyroid1",1,0,5,3,1
"newthyroid1",1,0,5,5,1
"newthyroid1",1,0,5,7,1
"newthyroid1",1,0,7,3,1
"newthyroid1",1,0,7,5,1
"newthyroid1",1,0,7,7,1
"newthyroid1",1,0.05,3,3,1
"newthyroid1",1,0.05,3,5,1
"newthyroid1",1,0.05,3,7,1
"newthyroid1",1,0.05,5,3,1
"newthyroid1",1,0.05,5,5,1
"newthyroid1",1,0.05,5,7,1
"newthyroid1",1,0.05,7,3,1
"newthyroid1",1,0.05,7,5,1
"newthyroid1",1,0.05,7,7,1
"newthyroid1",1,0.1,3,3,1
"newthyroid1",1,0.1,3,5,1
"newthyroid1",1,0.1,3,7,1
"newthyroid1",1,0.1,5,3,1
"newthyroid1",1,0.1,5,5,1
"newthyroid1",1,0.1,5,7,1
"newthyroid1",1,0.1,7,3,1
"newthyroid1",1,0.1,7,5,1
"newthyroid1",1,0.1,7,7,1
"newthyroid1",1,0.15,3,3,1
"newthyroid1",1,0.15,3,5,1
"newthyroid1",1,0.15,3,7,1
"newthyroid1",1,0.15,5,3,1
"newthyroid1",1,0.15,5,5,1
"newthyroid1",1,0.15,5,7,1
"newthyroid1",1,0.15,7,3,1
"newthyroid1",1,0.15,7,5,1
"newthyroid1",1,0.15,7,7,1
"newthyroid1",1,0.2,3,3,1
"newthyroid1",1,0.2,3,5,1
"newthyroid1",1,0.2,3,7,1
"newthyroid1",1,0.2,5,3,1
"newthyroid1",1,0.2,5,5,1
"newthyroid1",1,0.2,5,7,1
"newthyroid1",1,0.2,7,3,1
"newthyroid1",1,0.2,7,5,1
"newthyroid1",1,0.2,7,7,1
"newthyroid1",1,0.25,3,3,1
"newthyroid1",1,0.25,3,5,1
"newthyroid1",1,0.25,3,7,1
"newthyroid1",1,0.25,5,3,1
"newthyroid1",1,0.25,5,5,1
"newthyroid1",1,0.25,5,7,1
"newthyroid1",1,0.25,7,3,1
"newthyroid1",1,0.25,7,5,1
"newthyroid1",1,0.25,7,7,1
"glass0",0.25,0,3,3,1
"glass0",0.25,0,3,5,1
"glass0",0.25,0,3,7,1
"glass0",0.25,0,5,3,1
"glass0",0.25,0,5,5,1
"glass0",0.25,0,5,7,1
"glass0",0.25,0,7,3,1
"glass0",0.25,0,7,5,1
"glass0",0.25,0,7,7,1
"glass0",0.25,0.05,3,3,1
"glass0",0.25,0.05,3,5,1
"glass0",0.25,0.05,3,7,1
"glass0",0.25,0.05,5,3,1
"glass0",0.25,0.05,5,5,1
"glass0",0.25,0.05,5,7,1
"glass0",0.25,0.05,7,3,1
"glass0",0.25,0.05,7,5,1
"glass0",0.25,0.05,7,7,1
"glass0",0.25,0.1,3,3,1
"glass0",0.25,0.1,3,5,1
"glass0",0.25,0.1,3,7,1
"glass0",0.25,0.1,5,3,1
"glass0",0.25,0.1,5,5,1
"glass0",0.25,0.1,5,7,1
"glass0",0.25,0.1,7,3,1
"glass0",0.25,0.1,7,5,1
"glass0",0.25,0.1,7,7,1
"glass0",0.25,0.15,3,3,1
"glass0",0.25,0.15,3,5,1
"glass0",0.25,0.15,3,7,1
"glass0",0.25,0.15,5,3,1
"glass0",0.25,0.15,5,5,1
"glass0",0.25,0.15,5,7,1
"glass0",0.25,0.15,7,3,1
"glass0",0.25,0.15,7,5,1
"glass0",0.25,0.15,7,7,1
"glass0",0.25,0.2,3,3,1
"glass0",0.25,0.2,3,5,1
"glass0",0.25,0.2,3,7,1
"glass0",0.25,0.2,5,3,1
"glass0",0.25,0.2,5,5,1
"glass0",0.25,0.2,5,7,1
"glass0",0.25,0.2,7,3,1
"glass0",0.25,0.2,7,5,1
"glass0",0.25,0.2,7,7,1
"glass0",0.25,0.25,3,3,1
"glass0",0.25,0.25,3,5,1
"glass0",0.25,0.25,3,7,1
"glass0",0.25,0.25,5,3,1
"glass0",0.25,0.25,5,5,1
"glass0",0.25,0.25,5,7,1
"glass0",0.25,0.25,7,3,1
"glass0",0.25,0.25,7,5,1
"glass0",0.25,0.25,7,7,1
"glass0",0.5,0,3,3,1
"glass0",0.5,0,3,5,1
"glass0",0.5,0,3,7,1
"glass0",0.5,0,5,3,1
"glass0",0.5,0,5,5,1
"glass0",0.5,0,5,7,1
"glass0",0.5,0,7,3,1
"glass0",0.5,0,7,5,1
"glass0",0.5,0,7,7,1
"glass0",0.5,0.05,3,3,1
"glass0",0.5,0.05,3,5,1
"glass0",0.5,0.05,3,7,1
"glass0",0.5,0.05,5,3,1
"glass0",0.5,0.05,5,5,1
"glass0",0.5,0.05,5,7,1
"glass0",0.5,0.05,7,3,1
"glass0",0.5,0.05,7,5,1
"glass0",0.5,0.05,7,7,1
"glass0",0.5,0.1,3,3,1
"glass0",0.5,0.1,3,5,1
"glass0",0.5,0.1,3,7,1
"glass0",0.5,0.1,5,3,1
"glass0",0.5,0.1,5,5,1
"glass0",0.5,0.1,5,7,1
"glass0",0.5,0.1,7,3,1
"glass0",0.5,0.1,7,5,1
"glass0",0.5,0.1,7,7,1
"glass0",0.5,0.15,3,3,1
"glass0",0.5,0.15,3,5,1
"glass0",0.5,0.15,3,7,1
"glass0",0.5,0.15,5,3,1
"glass0",0.5,0.15,5,5,1
"glass0",0.5,0.15,5,7,1
"glass0",0.5,0.15,7,3,1
"glass0",0.5,0.15,7,5,1
"glass0",0.5,0.15,7,7,1
"glass0",0.5,0.2,3,3,1
"glass0",0.5,0.2,3,5,1
"glass0",0.5,0.2,3,7,1
"glass0",0.5,0.2,5,3,1
"glass0",0.5,0.2,5,5,1
"glass0",0.5,0.2,5,7,1
"glass0",0.5,0.2,7,3,1
"glass0",0.5,0.2,7,5,1
"glass0",0.5,0.2,7,7,1
"glass0",0.5,0.25,3,3,1
"glass0",0.5,0.25,3,5,1
"glass0",0.5,0.25,3,7,1
"glass0",0.5,0.25,5,3,1
"glass0",0.5,0.25,5,5,1
"glass0",0.5,0.25,5,7,1
"glass0",0.5,0.25,7,3,1
"glass0",0.5,0.25,7,5,1
"glass0",0.5,0.25,7,7,1
"glass0",0.75,0,3,3,1
"glass0",0.75,0,3,5,1
"glass0",0.75,0,3,7,1
"glass0",0.75,0,5,3,1
"glass0",0.75,0,5,5,1
"glass0",0.75,0,5,7,1
"glass0",0.75,0,7,3,1
"glass0",0.75,0,7,5,1
"glass0",0.75,0,7,7,1
"glass0",0.75,0.05,3,3,1
"glass0",0.75,0.05,3,5,1
"glass0",0.75,0.05,3,7,1
"glass0",0.75,0.05,5,3,1
"glass0",0.75,0.05,5,5,1
"glass0",0.75,0.05,5,7,1
"glass0",0.75,0.05,7,3,1
"glass0",0.75,0.05,7,5,1
"glass0",0.75,0.05,7,7,1
"glass0",0.75,0.1,3,3,1
"glass0",0.75,0.1,3,5,1
"glass0",0.75,0.1,3,7,1
"glass0",0.75,0.1,5,3,1
"glass0",0.75,0.1,5,5,1
"glass0",0.75,0.1,5,7,1
"glass0",0.75,0.1,7,3,1
"glass0",0.75,0.1,7,5,1
"glass0",0.75,0.1,7,7,1
"glass0",0.75,0.15,3,3,1
"glass0",0.75,0.15,3,5,1
"glass0",0.75,0.15,3,7,1
"glass0",0.75,0.15,5,3,1
"glass0",0.75,0.15,5,5,1
"glass0",0.75,0.15,5,7,1
"glass0",0.75,0.15,7,3,1
"glass0",0.75,0.15,7,5,1
"glass0",0.75,0.15,7,7,1
"glass0",0.75,0.2,3,3,1
"glass0",0.75,0.2,3,5,1
"glass0",0.75,0.2,3,7,1
"glass0",0.75,0.2,5,3,1
"glass0",0.75,0.2,5,5,1
"glass0",0.75,0.2,5,7,1
"glass0",0.75,0.2,7,3,1
"glass0",0.75,0.2,7,5,1
"glass0",0.75,0.2,7,7,1
"glass0",0.75,0.25,3,3,1
"glass0",0.75,0.25,3,5,1
"glass0",0.75,0.25,3,7,1
"glass0",0.75,0.25,5,3,1
"glass0",0.75,0.25,5,5,1
"glass0",0.75,0.25,5,7,1
"glass0",0.75,0.25,7,3,1
"glass0",0.75,0.25,7,5,1
"glass0",0.75,0.25,7,7,1
"glass0",1,0,3,3,1
"glass0",1,0,3,5,1
"glass0",1,0,3,7,1
"glass0",1,0,5,3,1
"glass0",1,0,5,5,1
"glass0",1,0,5,7,1
"glass0",1,0,7,3,1
"glass0",1,0,7,5,1
"glass0",1,0,7,7,1
"glass0",1,0.05,3,3,1
"glass0",1,0.05,3,5,1
"glass0",1,0.05,3,7,1
"glass0",1,0.05,5,3,1
"glass0",1,0.05,5,5,1
"glass0",1,0.05,5,7,1
"glass0",1,0.05,7,3,1
"glass0",1,0.05,7,5,1
"glass0",1,0.05,7,7,1
"glass0",1,0.1,3,3,1
"glass0",1,0.1,3,5,1
"glass0",1,0.1,3,7,1
"glass0",1,0.1,5,3,1
"glass0",1,0.1,5,5,1
"glass0",1,0.1,5,7,1
"glass0",1,0.1,7,3,1
"glass0",1,0.1,7,5,1
"glass0",1,0.1,7,7,1
"glass0",1,0.15,3,3,1
"glass0",1,0.15,3,5,1
"glass0",1,0.15,3,7,1
"glass0",1,0.15,5,3,1
"glass0",1,0.15,5,5,1
"glass0",1,0.15,5,7,1
"glass0",1,0.15,7,3,1
"glass0",1,0.15,7,5,1
"glass0",1,0.15,7,7,1
"glass0",1,0.2,3,3,1
"glass0",1,0.2,3,5,1
"glass0",1,0.2,3,7,1
"glass0",1,0.2,5,3,1
"glass0",1,0.2,5,5,1
"glass0",1,0.2,5,7,1
"glass0",1,0.2,7,3,1
"glass0",1,0.2,7,5,1
"glass0",1,0.2,7,7,1
"glass0",1,0.25,3,3,1
"glass0",1,0.25,3,5,1
"glass0",1,0.25,3,7,1
"glass0",1,0.25,5,3,1
"glass0",1,0.25,5,5,1
"glass0",1,0.25,5,7,1
"glass0",1,0.25,7,3,1
"glass0",1,0.25,7,5,1
"glass0",1,0.25,7,7,1
"hacide",0.25,0,3,3,NA
"hacide",0.25,0,3,5,NA
"hacide",0.25,0,3,7,NA
"hacide",0.25,0,5,3,NA
"hacide",0.25,0,5,5,NA
"hacide",0.25,0,5,7,NA
"hacide",0.25,0,7,3,NA
"hacide",0.25,0,7,5,NA
"hacide",0.25,0,7,7,NA
"hacide",0.25,0.05,3,3,NA
"hacide",0.25,0.05,3,5,NA
"hacide",0.25,0.05,3,7,NA
"hacide",0.25,0.05,5,3,NA
"hacide",0.25,0.05,5,5,NA
"hacide",0.25,0.05,5,7,NA
"hacide",0.25,0.05,7,3,NA
"hacide",0.25,0.05,7,5,NA
"hacide",0.25,0.05,7,7,NA
"hacide",0.25,0.1,3,3,NA
"hacide",0.25,0.1,3,5,NA
"hacide",0.25,0.1,3,7,NA
"hacide",0.25,0.1,5,3,NA
"hacide",0.25,0.1,5,5,NA
"hacide",0.25,0.1,5,7,NA
"hacide",0.25,0.1,7,3,NA
"hacide",0.25,0.1,7,5,NA
"hacide",0.25,0.1,7,7,NA
"hacide",0.25,0.15,3,3,NA
"hacide",0.25,0.15,3,5,NA
"hacide",0.25,0.15,3,7,NA
"hacide",0.25,0.15,5,3,NA
"hacide",0.25,0.15,5,5,NA
"hacide",0.25,0.15,5,7,NA
"hacide",0.25,0.15,7,3,NA
"hacide",0.25,0.15,7,5,NA
"hacide",0.25,0.15,7,7,NA
"hacide",0.25,0.2,3,3,NA
"hacide",0.25,0.2,3,5,NA
"hacide",0.25,0.2,3,7,NA
"hacide",0.25,0.2,5,3,NA
"hacide",0.25,0.2,5,5,NA
"hacide",0.25,0.2,5,7,NA
"hacide",0.25,0.2,7,3,NA
"hacide",0.25,0.2,7,5,NA
"hacide",0.25,0.2,7,7,NA
"hacide",0.25,0.25,3,3,NA
"hacide",0.25,0.25,3,5,NA
"hacide",0.25,0.25,3,7,NA
"hacide",0.25,0.25,5,3,NA
"hacide",0.25,0.25,5,5,NA
"hacide",0.25,0.25,5,7,NA
"hacide",0.25,0.25,7,3,NA
"hacide",0.25,0.25,7,5,NA
"hacide",0.25,0.25,7,7,NA
"hacide",0.5,0,3,3,NA
"hacide",0.5,0,3,5,NA
"hacide",0.5,0,3,7,NA
"hacide",0.5,0,5,3,NA
"hacide",0.5,0,5,5,NA
"hacide",0.5,0,5,7,NA
"hacide",0.5,0,7,3,NA
"hacide",0.5,0,7,5,NA
"hacide",0.5,0,7,7,NA
"hacide",0.5,0.05,3,3,NA
"hacide",0.5,0.05,3,5,NA
"hacide",0.5,0.05,3,7,NA
"hacide",0.5,0.05,5,3,NA
"hacide",0.5,0.05,5,5,NA
"hacide",0.5,0.05,5,7,NA
"hacide",0.5,0.05,7,3,NA
"hacide",0.5,0.05,7,5,NA
"hacide",0.5,0.05,7,7,NA
"hacide",0.5,0.1,3,3,NA
"hacide",0.5,0.1,3,5,NA
"hacide",0.5,0.1,3,7,NA
"hacide",0.5,0.1,5,3,NA
"hacide",0.5,0.1,5,5,NA
"hacide",0.5,0.1,5,7,NA
"hacide",0.5,0.1,7,3,NA
"hacide",0.5,0.1,7,5,NA
"hacide",0.5,0.1,7,7,NA
"hacide",0.5,0.15,3,3,NA
"hacide",0.5,0.15,3,5,NA
"hacide",0.5,0.15,3,7,NA
"hacide",0.5,0.15,5,3,NA
"hacide",0.5,0.15,5,5,NA
"hacide",0.5,0.15,5,7,NA
"hacide",0.5,0.15,7,3,NA
"hacide",0.5,0.15,7,5,NA
"hacide",0.5,0.15,7,7,NA
"hacide",0.5,0.2,3,3,NA
"hacide",0.5,0.2,3,5,NA
"hacide",0.5,0.2,3,7,NA
"hacide",0.5,0.2,5,3,NA
"hacide",0.5,0.2,5,5,NA
"hacide",0.5,0.2,5,7,NA
"hacide",0.5,0.2,7,3,NA
"hacide",0.5,0.2,7,5,NA
"hacide",0.5,0.2,7,7,NA
"hacide",0.5,0.25,3,3,NA
"hacide",0.5,0.25,3,5,NA
"hacide",0.5,0.25,3,7,NA
"hacide",0.5,0.25,5,3,NA
"hacide",0.5,0.25,5,5,NA
"hacide",0.5,0.25,5,7,NA
"hacide",0.5,0.25,7,3,NA
"hacide",0.5,0.25,7,5,NA
"hacide",0.5,0.25,7,7,NA
"hacide",0.75,0,3,3,NA
"hacide",0.75,0,3,5,NA
"hacide",0.75,0,3,7,NA
"hacide",0.75,0,5,3,NA
"hacide",0.75,0,5,5,NA
"hacide",0.75,0,5,7,NA
"hacide",0.75,0,7,3,NA
"hacide",0.75,0,7,5,NA
"hacide",0.75,0,7,7,NA
"hacide",0.75,0.05,3,3,NA
"hacide",0.75,0.05,3,5,NA
"hacide",0.75,0.05,3,7,NA
"hacide",0.75,0.05,5,3,NA
"hacide",0.75,0.05,5,5,NA
"hacide",0.75,0.05,5,7,NA
"hacide",0.75,0.05,7,3,NA
"hacide",0.75,0.05,7,5,NA
"hacide",0.75,0.05,7,7,NA
"hacide",0.75,0.1,3,3,NA
"hacide",0.75,0.1,3,5,NA
"hacide",0.75,0.1,3,7,NA
"hacide",0.75,0.1,5,3,NA
"hacide",0.75,0.1,5,5,NA
"hacide",0.75,0.1,5,7,NA
"hacide",0.75,0.1,7,3,NA
"hacide",0.75,0.1,7,5,NA
"hacide",0.75,0.1,7,7,NA
"hacide",0.75,0.15,3,3,NA
"hacide",0.75,0.15,3,5,NA
"hacide",0.75,0.15,3,7,NA
"hacide",0.75,0.15,5,3,NA
"hacide",0.75,0.15,5,5,NA
"hacide",0.75,0.15,5,7,NA
"hacide",0.75,0.15,7,3,NA
"hacide",0.75,0.15,7,5,NA
"hacide",0.75,0.15,7,7,NA
"hacide",0.75,0.2,3,3,NA
"hacide",0.75,0.2,3,5,NA
"hacide",0.75,0.2,3,7,NA
"hacide",0.75,0.2,5,3,NA
"hacide",0.75,0.2,5,5,NA
"hacide",0.75,0.2,5,7,NA
"hacide",0.75,0.2,7,3,NA
"hacide",0.75,0.2,7,5,NA
"hacide",0.75,0.2,7,7,NA
"hacide",0.75,0.25,3,3,NA
"hacide",0.75,0.25,3,5,NA
"hacide",0.75,0.25,3,7,NA
"hacide",0.75,0.25,5,3,NA
"hacide",0.75,0.25,5,5,NA
"hacide",0.75,0.25,5,7,NA
"hacide",0.75,0.25,7,3,NA
"hacide",0.75,0.25,7,5,NA
"hacide",0.75,0.25,7,7,NA
"hacide",1,0,3,3,NA
"hacide",1,0,3,5,NA
"hacide",1,0,3,7,NA
"hacide",1,0,5,3,NA
"hacide",1,0,5,5,NA
"hacide",1,0,5,7,NA
"hacide",1,0,7,3,NA
"hacide",1,0,7,5,NA
"hacide",1,0,7,7,NA
"hacide",1,0.05,3,3,NA
"hacide",1,0.05,3,5,NA
"hacide",1,0.05,3,7,NA
"hacide",1,0.05,5,3,NA
"hacide",1,0.05,5,5,NA
"hacide",1,0.05,5,7,NA
"hacide",1,0.05,7,3,NA
"hacide",1,0.05,7,5,NA
"hacide",1,0.05,7,7,NA
"hacide",1,0.1,3,3,NA
"hacide",1,0.1,3,5,NA
"hacide",1,0.1,3,7,NA
"hacide",1,0.1,5,3,NA
"hacide",1,0.1,5,5,NA
"hacide",1,0.1,5,7,NA
"hacide",1,0.1,7,3,NA
"hacide",1,0.1,7,5,NA
"hacide",1,0.1,7,7,NA
"hacide",1,0.15,3,3,NA
"hacide",1,0.15,3,5,NA
"hacide",1,0.15,3,7,NA
"hacide",1,0.15,5,3,NA
"hacide",1,0.15,5,5,NA
"hacide",1,0.15,5,7,NA
"hacide",1,0.15,7,3,NA
"hacide",1,0.15,7,5,NA
"hacide",1,0.15,7,7,NA
"hacide",1,0.2,3,3,NA
"hacide",1,0.2,3,5,NA
"hacide",1,0.2,3,7,NA
"hacide",1,0.2,5,3,NA
"hacide",1,0.2,5,5,NA
"hacide",1,0.2,5,7,NA
"hacide",1,0.2,7,3,NA
"hacide",1,0.2,7,5,NA
"hacide",1,0.2,7,7,NA
"hacide",1,0.25,3,3,NA
"hacide",1,0.25,3,5,NA
"hacide",1,0.25,3,7,NA
"hacide",1,0.25,5,3,NA
"hacide",1,0.25,5,5,NA
"hacide",1,0.25,5,7,NA
"hacide",1,0.25,7,3,NA
"hacide",1,0.25,7,5,NA
"hacide",1,0.25,7,7,NA
"vehicle2",0.25,0,3,3,0.651109324971531
"vehicle2",0.25,0,3,5,0.659586030042159
"vehicle2",0.25,0,3,7,0.689873174778747
"vehicle2",0.25,0,5,3,0.651109324971531
"vehicle2",0.25,0,5,5,0.659586030042159
"vehicle2",0.25,0,5,7,0.689873174778747
"vehicle2",0.25,0,7,3,0.651109324971531
"vehicle2",0.25,0,7,5,0.659586030042159
"vehicle2",0.25,0,7,7,0.689873174778747
"vehicle2",0.25,0.05,3,3,0.651109324971531
"vehicle2",0.25,0.05,3,5,0.659586030042159
"vehicle2",0.25,0.05,3,7,0.689873174778747
"vehicle2",0.25,0.05,5,3,0.651109324971531
"vehicle2",0.25,0.05,5,5,0.659586030042159
"vehicle2",0.25,0.05,5,7,0.689873174778747
"vehicle2",0.25,0.05,7,3,0.651109324971531
"vehicle2",0.25,0.05,7,5,0.659586030042159
"vehicle2",0.25,0.05,7,7,0.689873174778747
"vehicle2",0.25,0.1,3,3,0.651109324971531
"vehicle2",0.25,0.1,3,5,0.659586030042159
"vehicle2",0.25,0.1,3,7,0.689873174778747
"vehicle2",0.25,0.1,5,3,0.651109324971531
"vehicle2",0.25,0.1,5,5,0.659586030042159
"vehicle2",0.25,0.1,5,7,0.689873174778747
"vehicle2",0.25,0.1,7,3,0.651109324971531
"vehicle2",0.25,0.1,7,5,0.659586030042159
"vehicle2",0.25,0.1,7,7,0.689873174778747
"vehicle2",0.25,0.15,3,3,0.651109324971531
"vehicle2",0.25,0.15,3,5,0.659586030042159
"vehicle2",0.25,0.15,3,7,0.689873174778747
"vehicle2",0.25,0.15,5,3,0.651109324971531
"vehicle2",0.25,0.15,5,5,0.659586030042159
"vehicle2",0.25,0.15,5,7,0.689873174778747
"vehicle2",0.25,0.15,7,3,0.651109324971531
"vehicle2",0.25,0.15,7,5,0.659586030042159
"vehicle2",0.25,0.15,7,7,0.689873174778747
"vehicle2",0.25,0.2,3,3,0.651109324971531
"vehicle2",0.25,0.2,3,5,0.659586030042159
"vehicle2",0.25,0.2,3,7,0.689873174778747
"vehicle2",0.25,0.2,5,3,0.651109324971531
"vehicle2",0.25,0.2,5,5,0.659586030042159
"vehicle2",0.25,0.2,5,7,0.689873174778747
"vehicle2",0.25,0.2,7,3,0.651109324971531
"vehicle2",0.25,0.2,7,5,0.659586030042159
"vehicle2",0.25,0.2,7,7,0.689873174778747
"vehicle2",0.25,0.25,3,3,0.651109324971531
"vehicle2",0.25,0.25,3,5,0.659586030042159
"vehicle2",0.25,0.25,3,7,0.689873174778747
"vehicle2",0.25,0.25,5,3,0.651109324971531
"vehicle2",0.25,0.25,5,5,0.659586030042159
"vehicle2",0.25,0.25,5,7,0.689873174778747
"vehicle2",0.25,0.25,7,3,0.651109324971531
"vehicle2",0.25,0.25,7,5,0.659586030042159
"vehicle2",0.25,0.25,7,7,0.689873174778747
"vehicle2",0.5,0,3,3,0.680780734364368
"vehicle2",0.5,0,3,5,0.713018743562673
"vehicle2",0.5,0,3,7,0.678937867029264
"vehicle2",0.5,0,5,3,0.692711365813356
"vehicle2",0.5,0,5,5,0.696846778359979
"vehicle2",0.5,0,5,7,0.661959299748666
"vehicle2",0.5,0,7,3,0.698920372590341
"vehicle2",0.5,0,7,5,0.71239015060428
"vehicle2",0.5,0,7,7,0.670051312842623
"vehicle2",0.5,0.05,3,3,0.693724572422879
"vehicle2",0.5,0.05,3,5,0.698543569240389
"vehicle2",0.5,0.05,3,7,0.685744887672445
"vehicle2",0.5,0.05,5,3,0.69194790090111
"vehicle2",0.5,0.05,5,5,0.693699909844619
"vehicle2",0.5,0.05,5,7,0.673267775671056
"vehicle2",0.5,0.05,7,3,0.694924513448962
"vehicle2",0.5,0.05,7,5,0.698466155022555
"vehicle2",0.5,0.05,7,7,0.668858436665464
"vehicle2",0.5,0.1,3,3,0.684176084471008
"vehicle2",0.5,0.1,3,5,0.697076304548832
"vehicle2",0.5,0.1,3,7,0.678587965554933
"vehicle2",0.5,0.1,5,3,0.690470777301696
"vehicle2",0.5,0.1,5,5,0.699464210762883
"vehicle2",0.5,0.1,5,7,0.675733580244895
"vehicle2",0.5,0.1,7,3,0.684044493015349
"vehicle2",0.5,0.1,7,5,0.701252813958106
"vehicle2",0.5,0.1,7,7,0.665371353935967
"vehicle2",0.5,0.15,3,3,0.698218677059992
"vehicle2",0.5,0.15,3,5,0.707740573017185
"vehicle2",0.5,0.15,3,7,0.673949284945107
"vehicle2",0.5,0.15,5,3,0.691217484650792
"vehicle2",0.5,0.15,5,5,0.708303374988695
"vehicle2",0.5,0.15,5,7,0.663488814020205
"vehicle2",0.5,0.15,7,3,0.688196878919311
"vehicle2",0.5,0.15,7,5,0.701641685650593
"vehicle2",0.5,0.15,7,7,0.673550833323777
"vehicle2",0.5,0.2,3,3,0.693391464310267
"vehicle2",0.5,0.2,3,5,0.709084768684398
"vehicle2",0.5,0.2,3,7,0.679519357665864
"vehicle2",0.5,0.2,5,3,0.705910364752836
"vehicle2",0.5,0.2,5,5,0.686425921751291
"vehicle2",0.5,0.2,5,7,0.673023151810778
"vehicle2",0.5,0.2,7,3,0.696286400252912
"vehicle2",0.5,0.2,7,5,0.700720187737084
"vehicle2",0.5,0.2,7,7,0.667793777675337
"vehicle2",0.5,0.25,3,3,0.684695789932219
"vehicle2",0.5,0.25,3,5,0.717273127904135
"vehicle2",0.5,0.25,3,7,0.671980630450961
"vehicle2",0.5,0.25,5,3,0.695391301350375
"vehicle2",0.5,0.25,5,5,0.691558082159079
"vehicle2",0.5,0.25,5,7,0.661433029088234
"vehicle2",0.5,0.25,7,3,0.69692381344804
"vehicle2",0.5,0.25,7,5,0.702725338206061
"vehicle2",0.5,0.25,7,7,0.67136704462733
"vehicle2",0.75,0,3,3,0.698148376371354
"vehicle2",0.75,0,3,5,0.702826854842669
"vehicle2",0.75,0,3,7,0.68297914412721
"vehicle2",0.75,0,5,3,0.698257550660148
"vehicle2",0.75,0,5,5,0.709674841769458
"vehicle2",0.75,0,5,7,0.679356756820916
"vehicle2",0.75,0,7,3,0.690890493138756
"vehicle2",0.75,0,7,5,0.714515943747252
"vehicle2",0.75,0,7,7,0.681195431168796
"vehicle2",0.75,0.05,3,3,0.699709493005149
"vehicle2",0.75,0.05,3,5,0.704392824335073
"vehicle2",0.75,0.05,3,7,0.685378773524001
"vehicle2",0.75,0.05,5,3,0.704145007349415
"vehicle2",0.75,0.05,5,5,0.712659835305835
"vehicle2",0.75,0.05,5,7,0.685549592070823
"vehicle2",0.75,0.05,7,3,0.701288811708049
"vehicle2",0.75,0.05,7,5,0.70293447057023
"vehicle2",0.75,0.05,7,7,0.683801734760802
"vehicle2",0.75,0.1,3,3,0.70020693780837
"vehicle2",0.75,0.1,3,5,0.711926466669358
"vehicle2",0.75,0.1,3,7,0.677545444425138
"vehicle2",0.75,0.1,5,3,0.708107422748044
"vehicle2",0.75,0.1,5,5,0.715402888550431
"vehicle2",0.75,0.1,5,7,0.68724493902435
"vehicle2",0.75,0.1,7,3,0.700099318649603
"vehicle2",0.75,0.1,7,5,0.714653404356252
"vehicle2",0.75,0.1,7,7,0.676681566993032
"vehicle2",0.75,0.15,3,3,0.705372992890533
"vehicle2",0.75,0.15,3,5,0.715124692870671
"vehicle2",0.75,0.15,3,7,0.688639796216409
"vehicle2",0.75,0.15,5,3,0.703245003046424
"vehicle2",0.75,0.15,5,5,0.714519828616895
"vehicle2",0.75,0.15,5,7,0.675554669163801
"vehicle2",0.75,0.15,7,3,0.697375282074283
"vehicle2",0.75,0.15,7,5,0.714375971960541
"vehicle2",0.75,0.15,7,7,0.679497115888517
"vehicle2",0.75,0.2,3,3,0.700686693538182
"vehicle2",0.75,0.2,3,5,0.70946337664937
"vehicle2",0.75,0.2,3,7,0.676281698524704
"vehicle2",0.75,0.2,5,3,0.69316571582261
"vehicle2",0.75,0.2,5,5,0.718553837806531
"vehicle2",0.75,0.2,5,7,0.673174964894297
"vehicle2",0.75,0.2,7,3,0.699154776424284
"vehicle2",0.75,0.2,7,5,0.719414530139965
"vehicle2",0.75,0.2,7,7,0.68607422908144
"vehicle2",0.75,0.25,3,3,0.70169569362895
"vehicle2",0.75,0.25,3,5,0.71693646061651
"vehicle2",0.75,0.25,3,7,0.679893420773334
"vehicle2",0.75,0.25,5,3,0.697689871991259
"vehicle2",0.75,0.25,5,5,0.713598954376285
"vehicle2",0.75,0.25,5,7,0.679172239479075
"vehicle2",0.75,0.25,7,3,0.699116345952273
"vehicle2",0.75,0.25,7,5,0.715943320939795
"vehicle2",0.75,0.25,7,7,0.678013146466393
"vehicle2",1,0,3,3,0.69338350072073
"vehicle2",1,0,3,5,0.698764916893065
"vehicle2",1,0,3,7,0.661797268606407
"vehicle2",1,0,5,3,0.70175152099765
"vehicle2",1,0,5,5,0.721812756331038
"vehicle2",1,0,5,7,0.660568988302222
"vehicle2",1,0,7,3,0.692308920573525
"vehicle2",1,0,7,5,0.720739525054342
"vehicle2",1,0,7,7,0.659828723838725
"vehicle2",1,0.05,3,3,0.696372320026748
"vehicle2",1,0.05,3,5,0.704374305907356
"vehicle2",1,0.05,3,7,0.656516197873803
"vehicle2",1,0.05,5,3,0.696792603356485
"vehicle2",1,0.05,5,5,0.72274793800244
"vehicle2",1,0.05,5,7,0.672009450599869
"vehicle2",1,0.05,7,3,0.69026962079195
"vehicle2",1,0.05,7,5,0.712217484045831
"vehicle2",1,0.05,7,7,0.660281071049651
"vehicle2",1,0.1,3,3,0.700342671453004
"vehicle2",1,0.1,3,5,0.714157230604173
"vehicle2",1,0.1,3,7,0.657109123555225
"vehicle2",1,0.1,5,3,0.70491372976933
"vehicle2",1,0.1,5,5,0.726346356021998
"vehicle2",1,0.1,5,7,0.660717414073123
"vehicle2",1,0.1,7,3,0.687329195288908
"vehicle2",1,0.1,7,5,0.719695962462576
"vehicle2",1,0.1,7,7,0.655309821350952
"vehicle2",1,0.15,3,3,0.698669389861544
"vehicle2",1,0.15,3,5,0.70878796925161
"vehicle2",1,0.15,3,7,0.664304491534893
"vehicle2",1,0.15,5,3,0.70227597343287
"vehicle2",1,0.15,5,5,0.720124472485919
"vehicle2",1,0.15,5,7,0.662788941819054
"vehicle2",1,0.15,7,3,0.695809025178536
"vehicle2",1,0.15,7,5,0.715776250210058
"vehicle2",1,0.15,7,7,0.661600528626173
"vehicle2",1,0.2,3,3,0.697174177523918
"vehicle2",1,0.2,3,5,0.715031090080284
"vehicle2",1,0.2,3,7,0.667432827952974
"vehicle2",1,0.2,5,3,0.700206185703196
"vehicle2",1,0.2,5,5,0.726648977245218
"vehicle2",1,0.2,5,7,0.660812491396429
"vehicle2",1,0.2,7,3,0.692587105569659
"vehicle2",1,0.2,7,5,0.718204861666769
"vehicle2",1,0.2,7,7,0.669996645422752
"vehicle2",1,0.25,3,3,0.690987805078432
"vehicle2",1,0.25,3,5,0.703292887372822
"vehicle2",1,0.25,3,7,0.656490082113614
"vehicle2",1,0.25,5,3,0.689020489052587
"vehicle2",1,0.25,5,5,0.716334154622041
"vehicle2",1,0.25,5,7,0.662482839359135
"vehicle2",1,0.25,7,3,0.691595025115081
"vehicle2",1,0.25,7,5,0.721288063428614
"vehicle2",1,0.25,7,7,0.661852859674587
"pima",0.25,0,3,3,0.766481896089035
"pima",0.25,0,3,5,0.789404882975437
"pima",0.25,0,3,7,0.770731200504241
"pima",0.25,0,5,3,0.766481896089035
"pima",0.25,0,5,5,0.789404882975437
"pima",0.25,0,5,7,0.770731200504241
"pima",0.25,0,7,3,0.766481896089035
"pima",0.25,0,7,5,0.789404882975437
"pima",0.25,0,7,7,0.770731200504241
"pima",0.25,0.05,3,3,0.766481896089035
"pima",0.25,0.05,3,5,0.789404882975437
"pima",0.25,0.05,3,7,0.770731200504241
"pima",0.25,0.05,5,3,0.766481896089035
"pima",0.25,0.05,5,5,0.789404882975437
"pima",0.25,0.05,5,7,0.770731200504241
"pima",0.25,0.05,7,3,0.766481896089035
"pima",0.25,0.05,7,5,0.789404882975437
"pima",0.25,0.05,7,7,0.770731200504241
"pima",0.25,0.1,3,3,0.766481896089035
"pima",0.25,0.1,3,5,0.789404882975437
"pima",0.25,0.1,3,7,0.770731200504241
"pima",0.25,0.1,5,3,0.766481896089035
"pima",0.25,0.1,5,5,0.789404882975437
"pima",0.25,0.1,5,7,0.770731200504241
"pima",0.25,0.1,7,3,0.766481896089035
"pima",0.25,0.1,7,5,0.789404882975437
"pima",0.25,0.1,7,7,0.770731200504241
"pima",0.25,0.15,3,3,0.766481896089035
"pima",0.25,0.15,3,5,0.789404882975437
"pima",0.25,0.15,3,7,0.770731200504241
"pima",0.25,0.15,5,3,0.766481896089035
"pima",0.25,0.15,5,5,0.789404882975437
"pima",0.25,0.15,5,7,0.770731200504241
"pima",0.25,0.15,7,3,0.766481896089035
"pima",0.25,0.15,7,5,0.789404882975437
"pima",0.25,0.15,7,7,0.770731200504241
"pima",0.25,0.2,3,3,0.766481896089035
"pima",0.25,0.2,3,5,0.789404882975437
"pima",0.25,0.2,3,7,0.770731200504241
"pima",0.25,0.2,5,3,0.766481896089035
"pima",0.25,0.2,5,5,0.789404882975437
"pima",0.25,0.2,5,7,0.770731200504241
"pima",0.25,0.2,7,3,0.766481896089035
"pima",0.25,0.2,7,5,0.789404882975437
"pima",0.25,0.2,7,7,0.770731200504241
"pima",0.25,0.25,3,3,0.766481896089035
"pima",0.25,0.25,3,5,0.789404882975437
"pima",0.25,0.25,3,7,0.770731200504241
"pima",0.25,0.25,5,3,0.766481896089035
"pima",0.25,0.25,5,5,0.789404882975437
"pima",0.25,0.25,5,7,0.770731200504241
"pima",0.25,0.25,7,3,0.766481896089035
"pima",0.25,0.25,7,5,0.789404882975437
"pima",0.25,0.25,7,7,0.770731200504241
"pima",0.5,0,3,3,0.766481896089035
"pima",0.5,0,3,5,0.789404882975437
"pima",0.5,0,3,7,0.770731200504241
"pima",0.5,0,5,3,0.766481896089035
"pima",0.5,0,5,5,0.789404882975437
"pima",0.5,0,5,7,0.770731200504241
"pima",0.5,0,7,3,0.766481896089035
"pima",0.5,0,7,5,0.789404882975437
"pima",0.5,0,7,7,0.770731200504241
"pima",0.5,0.05,3,3,0.766481896089035
"pima",0.5,0.05,3,5,0.789404882975437
"pima",0.5,0.05,3,7,0.770731200504241
"pima",0.5,0.05,5,3,0.766481896089035
"pima",0.5,0.05,5,5,0.789404882975437
"pima",0.5,0.05,5,7,0.770731200504241
"pima",0.5,0.05,7,3,0.766481896089035
"pima",0.5,0.05,7,5,0.789404882975437
"pima",0.5,0.05,7,7,0.770731200504241
"pima",0.5,0.1,3,3,0.766481896089035
"pima",0.5,0.1,3,5,0.789404882975437
"pima",0.5,0.1,3,7,0.770731200504241
"pima",0.5,0.1,5,3,0.766481896089035
"pima",0.5,0.1,5,5,0.789404882975437
"pima",0.5,0.1,5,7,0.770731200504241
"pima",0.5,0.1,7,3,0.766481896089035
"pima",0.5,0.1,7,5,0.789404882975437
"pima",0.5,0.1,7,7,0.770731200504241
"pima",0.5,0.15,3,3,0.766481896089035
"pima",0.5,0.15,3,5,0.789404882975437
"pima",0.5,0.15,3,7,0.770731200504241
"pima",0.5,0.15,5,3,0.766481896089035
"pima",0.5,0.15,5,5,0.789404882975437
"pima",0.5,0.15,5,7,0.770731200504241
"pima",0.5,0.15,7,3,0.766481896089035
"pima",0.5,0.15,7,5,0.789404882975437
"pima",0.5,0.15,7,7,0.770731200504241
"pima",0.5,0.2,3,3,0.766481896089035
"pima",0.5,0.2,3,5,0.789404882975437
"pima",0.5,0.2,3,7,0.770731200504241
"pima",0.5,0.2,5,3,0.766481896089035
"pima",0.5,0.2,5,5,0.789404882975437
"pima",0.5,0.2,5,7,0.770731200504241
"pima",0.5,0.2,7,3,0.766481896089035
"pima",0.5,0.2,7,5,0.789404882975437
"pima",0.5,0.2,7,7,0.770731200504241
"pima",0.5,0.25,3,3,0.766481896089035
"pima",0.5,0.25,3,5,0.789404882975437
"pima",0.5,0.25,3,7,0.770731200504241
"pima",0.5,0.25,5,3,0.766481896089035
"pima",0.5,0.25,5,5,0.789404882975437
"pima",0.5,0.25,5,7,0.770731200504241
"pima",0.5,0.25,7,3,0.766481896089035
"pima",0.5,0.25,7,5,0.789404882975437
"pima",0.5,0.25,7,7,0.770731200504241
"pima",0.75,0,3,3,0.793589910816029
"pima",0.75,0,3,5,0.802509596745127
"pima",0.75,0,3,7,0.80198271738598
"pima",0.75,0,5,3,0.797346786014022
"pima",0.75,0,5,5,0.804603785196046
"pima",0.75,0,5,7,0.808008416455059
"pima",0.75,0,7,3,0.799113364880639
"pima",0.75,0,7,5,0.806050768002926
"pima",0.75,0,7,7,0.800017756060984
"pima",0.75,0.05,3,3,0.798309799599951
"pima",0.75,0.05,3,5,0.798574628120854
"pima",0.75,0.05,3,7,0.8079041104788
"pima",0.75,0.05,5,3,0.792133010776657
"pima",0.75,0.05,5,5,0.798085073246783
"pima",0.75,0.05,5,7,0.801761530690911
"pima",0.75,0.05,7,3,0.79706024829014
"pima",0.75,0.05,7,5,0.803105103673479
"pima",0.75,0.05,7,7,0.806479554785963
"pima",0.75,0.1,3,3,0.80343525477977
"pima",0.75,0.1,3,5,0.808223781202683
"pima",0.75,0.1,3,7,0.803916027875621
"pima",0.75,0.1,5,3,0.791379764773898
"pima",0.75,0.1,5,5,0.794819456359723
"pima",0.75,0.1,5,7,0.802937490780186
"pima",0.75,0.1,7,3,0.793369396079754
"pima",0.75,0.1,7,5,0.799992453574227
"pima",0.75,0.1,7,7,0.804519585318434
"pima",0.75,0.15,3,3,0.804914271166672
"pima",0.75,0.15,3,5,0.796636426219311
"pima",0.75,0.15,3,7,0.802825459410889
"pima",0.75,0.15,5,3,0.793634243083669
"pima",0.75,0.15,5,5,0.803620073284524
"pima",0.75,0.15,5,7,0.80325598465991
"pima",0.75,0.15,7,3,0.794657281870948
"pima",0.75,0.15,7,5,0.801413976548958
"pima",0.75,0.15,7,7,0.806739195894765
"pima",0.75,0.2,3,3,0.803612919820052
"pima",0.75,0.2,3,5,0.80649561739994
"pima",0.75,0.2,3,7,0.803151852385008
"pima",0.75,0.2,5,3,0.794283078346384
"pima",0.75,0.2,5,5,0.801614535937772
"pima",0.75,0.2,5,7,0.800302079323987
"pima",0.75,0.2,7,3,0.79713967969441
"pima",0.75,0.2,7,5,0.794495597778788
"pima",0.75,0.2,7,7,0.803051227228371
"pima",0.75,0.25,3,3,0.799621168501806
"pima",0.75,0.25,3,5,0.801031434098326
"pima",0.75,0.25,3,7,0.802624859065234
"pima",0.75,0.25,5,3,0.792393696620887
"pima",0.75,0.25,5,5,0.797750566593362
"pima",0.75,0.25,5,7,0.799444759059436
"pima",0.75,0.25,7,3,0.80145490538646
"pima",0.75,0.25,7,5,0.79929228816645
"pima",0.75,0.25,7,7,0.807242347336723
"pima",1,0,3,3,0.75812462375399
"pima",1,0,3,5,0.768350996441943
"pima",1,0,3,7,0.771657705548439
"pima",1,0,5,3,0.783831857807694
"pima",1,0,5,5,0.7821013909989
"pima",1,0,5,7,0.793434649814217
"pima",1,0,7,3,0.785742633873577
"pima",1,0,7,5,0.775766838975187
"pima",1,0,7,7,0.796198590522648
"pima",1,0.05,3,3,0.768861433792164
"pima",1,0.05,3,5,0.768974869960846
"pima",1,0.05,3,7,0.779164736570354
"pima",1,0.05,5,3,0.770073672283007
"pima",1,0.05,5,5,0.788392061588236
"pima",1,0.05,5,7,0.790954921409475
"pima",1,0.05,7,3,0.777623311751413
"pima",1,0.05,7,5,0.784818530314841
"pima",1,0.05,7,7,0.79620020027816
"pima",1,0.1,3,3,0.764111580576341
"pima",1,0.1,3,5,0.764104434757681
"pima",1,0.1,3,7,0.771725313261313
"pima",1,0.1,5,3,0.768301316583608
"pima",1,0.1,5,5,0.777447738062764
"pima",1,0.1,5,7,0.796643501360948
"pima",1,0.1,7,3,0.777262492936333
"pima",1,0.1,7,5,0.780621392749567
"pima",1,0.1,7,7,0.797686415948233
"pima",1,0.15,3,3,0.758080653928843
"pima",1,0.15,3,5,0.765877509330338
"pima",1,0.15,3,7,0.771405049435715
"pima",1,0.15,5,3,0.777647981933382
"pima",1,0.15,5,5,0.776872579646242
"pima",1,0.15,5,7,0.781475611478282
"pima",1,0.15,7,3,0.779342150658108
"pima",1,0.15,7,5,0.780817323016407
"pima",1,0.15,7,7,0.795189453371666
"pima",1,0.2,3,3,0.762927227492708
"pima",1,0.2,3,5,0.760763053682464
"pima",1,0.2,3,7,0.775618288509573
"pima",1,0.2,5,3,0.774798933755179
"pima",1,0.2,5,5,0.780855432986428
"pima",1,0.2,5,7,0.795200169836195
"pima",1,0.2,7,3,0.780347944983959
"pima",1,0.2,7,5,0.774390250581519
"pima",1,0.2,7,7,0.797295399268006
"pima",1,0.25,3,3,0.766063784984995
"pima",1,0.25,3,5,0.769327307721874
"pima",1,0.25,3,7,0.770107494063299
"pima",1,0.25,5,3,0.769814566418734
"pima",1,0.25,5,5,0.78768965106585
"pima",1,0.25,5,7,0.798770466638716
"pima",1,0.25,7,3,0.78553789908162
"pima",1,0.25,7,5,0.778962180136374
"pima",1,0.25,7,7,0.802412417132229
"glass4",0.25,0,3,3,NA
"glass4",0.25,0,3,5,NA
"glass4",0.25,0,3,7,NA
"glass4",0.25,0,5,3,NA
"glass4",0.25,0,5,5,NA
"glass4",0.25,0,5,7,NA
"glass4",0.25,0,7,3,NA
"glass4",0.25,0,7,5,NA
"glass4",0.25,0,7,7,NA
"glass4",0.25,0.05,3,3,NA
"glass4",0.25,0.05,3,5,NA
"glass4",0.25,0.05,3,7,NA
"glass4",0.25,0.05,5,3,NA
"glass4",0.25,0.05,5,5,NA
"glass4",0.25,0.05,5,7,NA
"glass4",0.25,0.05,7,3,NA
"glass4",0.25,0.05,7,5,NA
"glass4",0.25,0.05,7,7,NA
"glass4",0.25,0.1,3,3,NA
"glass4",0.25,0.1,3,5,NA
"glass4",0.25,0.1,3,7,NA
"glass4",0.25,0.1,5,3,NA
"glass4",0.25,0.1,5,5,NA
"glass4",0.25,0.1,5,7,NA
"glass4",0.25,0.1,7,3,NA
"glass4",0.25,0.1,7,5,NA
"glass4",0.25,0.1,7,7,NA
"glass4",0.25,0.15,3,3,NA
"glass4",0.25,0.15,3,5,NA
"glass4",0.25,0.15,3,7,NA
"glass4",0.25,0.15,5,3,NA
"glass4",0.25,0.15,5,5,NA
"glass4",0.25,0.15,5,7,NA
"glass4",0.25,0.15,7,3,NA
"glass4",0.25,0.15,7,5,NA
"glass4",0.25,0.15,7,7,NA
"glass4",0.25,0.2,3,3,NA
"glass4",0.25,0.2,3,5,NA
"glass4",0.25,0.2,3,7,NA
"glass4",0.25,0.2,5,3,NA
"glass4",0.25,0.2,5,5,NA
"glass4",0.25,0.2,5,7,NA
"glass4",0.25,0.2,7,3,NA
"glass4",0.25,0.2,7,5,NA
"glass4",0.25,0.2,7,7,NA
"glass4",0.25,0.25,3,3,NA
"glass4",0.25,0.25,3,5,NA
"glass4",0.25,0.25,3,7,NA
"glass4",0.25,0.25,5,3,NA
"glass4",0.25,0.25,5,5,NA
"glass4",0.25,0.25,5,7,NA
"glass4",0.25,0.25,7,3,NA
"glass4",0.25,0.25,7,5,NA
"glass4",0.25,0.25,7,7,NA
"glass4",0.5,0,3,3,NA
"glass4",0.5,0,3,5,NA
"glass4",0.5,0,3,7,NA
"glass4",0.5,0,5,3,NA
"glass4",0.5,0,5,5,NA
"glass4",0.5,0,5,7,NA
"glass4",0.5,0,7,3,NA
"glass4",0.5,0,7,5,NA
"glass4",0.5,0,7,7,NA
"glass4",0.5,0.05,3,3,NA
"glass4",0.5,0.05,3,5,NA
"glass4",0.5,0.05,3,7,NA
"glass4",0.5,0.05,5,3,NA
"glass4",0.5,0.05,5,5,NA
"glass4",0.5,0.05,5,7,NA
"glass4",0.5,0.05,7,3,NA
"glass4",0.5,0.05,7,5,NA
"glass4",0.5,0.05,7,7,NA
"glass4",0.5,0.1,3,3,NA
"glass4",0.5,0.1,3,5,NA
"glass4",0.5,0.1,3,7,NA
"glass4",0.5,0.1,5,3,NA
"glass4",0.5,0.1,5,5,NA
"glass4",0.5,0.1,5,7,NA
"glass4",0.5,0.1,7,3,NA
"glass4",0.5,0.1,7,5,NA
"glass4",0.5,0.1,7,7,NA
"glass4",0.5,0.15,3,3,NA
"glass4",0.5,0.15,3,5,NA
"glass4",0.5,0.15,3,7,NA
"glass4",0.5,0.15,5,3,NA
"glass4",0.5,0.15,5,5,NA
"glass4",0.5,0.15,5,7,NA
"glass4",0.5,0.15,7,3,NA
"glass4",0.5,0.15,7,5,NA
"glass4",0.5,0.15,7,7,NA
"glass4",0.5,0.2,3,3,NA
"glass4",0.5,0.2,3,5,NA
"glass4",0.5,0.2,3,7,NA
"glass4",0.5,0.2,5,3,NA
"glass4",0.5,0.2,5,5,NA
"glass4",0.5,0.2,5,7,NA
"glass4",0.5,0.2,7,3,NA
"glass4",0.5,0.2,7,5,NA
"glass4",0.5,0.2,7,7,NA
"glass4",0.5,0.25,3,3,NA
"glass4",0.5,0.25,3,5,NA
"glass4",0.5,0.25,3,7,NA
"glass4",0.5,0.25,5,3,NA
"glass4",0.5,0.25,5,5,NA
"glass4",0.5,0.25,5,7,NA
"glass4",0.5,0.25,7,3,NA
"glass4",0.5,0.25,7,5,NA
"glass4",0.5,0.25,7,7,NA
"glass4",0.75,0,3,3,NA
"glass4",0.75,0,3,5,NA
"glass4",0.75,0,3,7,NA
"glass4",0.75,0,5,3,NA
"glass4",0.75,0,5,5,NA
"glass4",0.75,0,5,7,NA
"glass4",0.75,0,7,3,NA
"glass4",0.75,0,7,5,NA
"glass4",0.75,0,7,7,NA
"glass4",0.75,0.05,3,3,NA
"glass4",0.75,0.05,3,5,NA
"glass4",0.75,0.05,3,7,NA
"glass4",0.75,0.05,5,3,NA
"glass4",0.75,0.05,5,5,NA
"glass4",0.75,0.05,5,7,NA
"glass4",0.75,0.05,7,3,NA
"glass4",0.75,0.05,7,5,NA
"glass4",0.75,0.05,7,7,NA
"glass4",0.75,0.1,3,3,NA
"glass4",0.75,0.1,3,5,NA
"glass4",0.75,0.1,3,7,NA
"glass4",0.75,0.1,5,3,NA
"glass4",0.75,0.1,5,5,NA
"glass4",0.75,0.1,5,7,NA
"glass4",0.75,0.1,7,3,NA
"glass4",0.75,0.1,7,5,NA
"glass4",0.75,0.1,7,7,NA
"glass4",0.75,0.15,3,3,NA
"glass4",0.75,0.15,3,5,NA
"glass4",0.75,0.15,3,7,NA
"glass4",0.75,0.15,5,3,NA
"glass4",0.75,0.15,5,5,NA
"glass4",0.75,0.15,5,7,NA
"glass4",0.75,0.15,7,3,NA
"glass4",0.75,0.15,7,5,NA
"glass4",0.75,0.15,7,7,NA
"glass4",0.75,0.2,3,3,NA
"glass4",0.75,0.2,3,5,NA
"glass4",0.75,0.2,3,7,NA
"glass4",0.75,0.2,5,3,NA
"glass4",0.75,0.2,5,5,NA
"glass4",0.75,0.2,5,7,NA
"glass4",0.75,0.2,7,3,NA
"glass4",0.75,0.2,7,5,NA
"glass4",0.75,0.2,7,7,NA
"glass4",0.75,0.25,3,3,NA
"glass4",0.75,0.25,3,5,NA
"glass4",0.75,0.25,3,7,NA
"glass4",0.75,0.25,5,3,NA
"glass4",0.75,0.25,5,5,NA
"glass4",0.75,0.25,5,7,NA
"glass4",0.75,0.25,7,3,NA
"glass4",0.75,0.25,7,5,NA
"glass4",0.75,0.25,7,7,NA
"glass4",1,0,3,3,NA
"glass4",1,0,3,5,NA
"glass4",1,0,3,7,NA
"glass4",1,0,5,3,NA
"glass4",1,0,5,5,NA
"glass4",1,0,5,7,NA
"glass4",1,0,7,3,NA
"glass4",1,0,7,5,NA
"glass4",1,0,7,7,NA
"glass4",1,0.05,3,3,NA
"glass4",1,0.05,3,5,NA
"glass4",1,0.05,3,7,NA
"glass4",1,0.05,5,3,NA
"glass4",1,0.05,5,5,NA
"glass4",1,0.05,5,7,NA
"glass4",1,0.05,7,3,NA
"glass4",1,0.05,7,5,NA
"glass4",1,0.05,7,7,NA
"glass4",1,0.1,3,3,NA
"glass4",1,0.1,3,5,NA
"glass4",1,0.1,3,7,NA
"glass4",1,0.1,5,3,NA
"glass4",1,0.1,5,5,NA
"glass4",1,0.1,5,7,NA
"glass4",1,0.1,7,3,NA
"glass4",1,0.1,7,5,NA
"glass4",1,0.1,7,7,NA
"glass4",1,0.15,3,3,NA
"glass4",1,0.15,3,5,NA
"glass4",1,0.15,3,7,NA
"glass4",1,0.15,5,3,NA
"glass4",1,0.15,5,5,NA
"glass4",1,0.15,5,7,NA
"glass4",1,0.15,7,3,NA
"glass4",1,0.15,7,5,NA
"glass4",1,0.15,7,7,NA
"glass4",1,0.2,3,3,NA
"glass4",1,0.2,3,5,NA
"glass4",1,0.2,3,7,NA
"glass4",1,0.2,5,3,NA
"glass4",1,0.2,5,5,NA
"glass4",1,0.2,5,7,NA
"glass4",1,0.2,7,3,NA
"glass4",1,0.2,7,5,NA
"glass4",1,0.2,7,7,NA
"glass4",1,0.25,3,3,NA
"glass4",1,0.25,3,5,NA
"glass4",1,0.25,3,7,NA
"glass4",1,0.25,5,3,NA
"glass4",1,0.25,5,5,NA
"glass4",1,0.25,5,7,NA
"glass4",1,0.25,7,3,NA
"glass4",1,0.25,7,5,NA
"glass4",1,0.25,7,7,NA
